User_id	Name	Gender	Address	Age	Email	Phone	Tier	Assign_date	Last_non_return_date
10000	Sarah	Female	Daejeon	23	sarah_01s@ajou.ac.kr	010-2514-1099	Gold	2023-02-21	2024-05-15
10001	Amanda	Female	Incheon	22	amanda_02a@ajou.ac.kr	010-2778-6548	Gold	2022-09-27	2024-01-11
10002	Elizabeth	Female	Ulsan	20	elizabeth_04e@ajou.ac.kr	010-4147-8170	Silver	2022-07-31	2024-04-07
10003	Deborah	Female	Daejeon	20	deborah_04d@ajou.ac.kr	010-9518-7622	Iron	2022-12-31	2024-04-04
10004	Matthew	Male	Seoul	20	matthew_04m@ajou.ac.kr	010-2778-3391	Iron	2022-07-22	2024-01-13
10005	Donald	Male	Seoul	20	donald_04d@ajou.ac.kr	010-9617-0918	Gold	2022-08-15	2024-03-19
10006	Joshua	Male	Daegu	21	joshua_03j@ajou.ac.kr	010-5675-5618	Gold	2022-08-18	2024-04-21
10007	Charles	Male	Gwangju	23	charles_01c@ajou.ac.kr	010-7254-8211	Gold	2023-04-23	2024-05-21
10008	Jiyoo	Female	Ulsan	22	jiyoo_02j@ajou.ac.kr	010-8082-8148	Bronze	2023-05-12	2024-05-03
10009	Christopher	Male	Daejeon	20	christopher_04c@ajou.ac.kr	010-7131-7904	Gold	2023-04-10	2024-04-06
10010	Kimberly	Female	Daejeon	22	kimberly_02k@ajou.ac.kr	010-8906-6053	Iron	2023-03-03	2024-04-26
10011	Jimin	Female	Daegu	21	jimin_03j@ajou.ac.kr	010-7155-8379	Silver	2023-05-25	2024-01-01
10012	Jeffrey	Male	Seoul	23	jeffrey_01j@ajou.ac.kr	010-7243-4658	Silver	2022-10-16	2024-05-30
10013	Donald	Male	Busan	22	donald_02d@ajou.ac.kr	010-9966-8416	Iron	2022-07-22	2024-01-14
10014	Charles	Male	Incheon	23	charles_01c@ajou.ac.kr	010-2526-6766	Iron	2023-03-18	2024-04-02
10015	Haeun	Female	Incheon	23	haeun_01h@ajou.ac.kr	010-2794-4799	Iron	2023-05-17	2024-01-25
10016	Brian	Male	Incheon	22	brian_02b@ajou.ac.kr	010-5487-5771	Silver	2022-12-17	2024-02-02
10017	Sua	Female	Seoul	20	sua_04s@ajou.ac.kr	010-7375-2170	Silver	2023-04-12	2024-05-12
10018	Joowon	Male	Daegu	21	joowon_03j@ajou.ac.kr	010-4115-9311	Silver	2022-07-18	2024-02-15
10019	Minseo	Female	Daejeon	22	minseo_02m@ajou.ac.kr	010-3048-5607	Iron	2023-05-15	2024-01-10
10020	Thomas	Male	Incheon	23	thomas_01t@ajou.ac.kr	010-3957-3121	Iron	2022-09-26	2024-05-08
10021	Dorothy	Female	Daegu	20	dorothy_04d@ajou.ac.kr	010-7301-4818	Silver	2023-05-18	2024-04-23
10022	William	Male	Busan	23	william_01w@ajou.ac.kr	010-7988-8056	Bronze	2023-05-08	2024-03-17
10023	Minseo	Female	Daejeon	22	minseo_02m@ajou.ac.kr	010-0725-5910	Silver	2023-02-28	2024-02-07
10024	Yoonseo	Female	Busan	22	yoonseo_02y@ajou.ac.kr	010-0096-5524	Bronze	2022-12-28	2023-12-11
10025	Richard	Male	Daejeon	21	richard_03r@ajou.ac.kr	010-3413-0105	Gold	2023-01-22	2024-02-06
10026	Haeun	Female	Gwangju	23	haeun_01h@ajou.ac.kr	010-1531-7935	Iron	2022-09-22	2024-01-13
10027	Laura	Female	Busan	21	laura_03l@ajou.ac.kr	010-5796-1013	Silver	2022-12-30	2024-03-06
10028	Yoonseo	Female	Daegu	20	yoonseo_04y@ajou.ac.kr	010-1057-6018	Iron	2022-07-30	2024-05-19
10029	Betty	Female	Daejeon	23	betty_01b@ajou.ac.kr	010-9909-6738	Bronze	2022-06-11	2023-12-16
10030	Jason	Male	Suwon	22	jason_02j@ajou.ac.kr	010-2876-9519	Gold	2022-12-09	2024-03-12
10031	Michelle	Female	Busan	21	michelle_03m@ajou.ac.kr	010-3871-6225	Silver	2022-12-21	2024-04-11
10032	Thomas	Male	Daegu	23	thomas_01t@ajou.ac.kr	010-4341-9064	Bronze	2023-03-21	2024-01-28
10033	Yejoon	Male	Ulsan	22	yejoon_02y@ajou.ac.kr	010-9265-8605	Bronze	2022-09-29	2024-03-11
10034	Betty	Female	Daegu	20	betty_04b@ajou.ac.kr	010-3923-4860	Bronze	2022-07-08	2024-01-24
10035	Jason	Male	Daegu	23	jason_01j@ajou.ac.kr	010-0170-0299	Iron	2022-07-15	2023-12-08
10036	William	Male	Gwangju	22	william_02w@ajou.ac.kr	010-5643-0106	Silver	2022-12-30	2024-04-10
10037	Hajoon	Male	Ulsan	21	hajoon_03h@ajou.ac.kr	010-8815-9942	Silver	2022-10-28	2024-05-22
10038	Siu	Male	Gwangju	23	siu_01s@ajou.ac.kr	010-5397-2075	Gold	2022-12-21	2023-12-22
10039	Lisa	Female	Suwon	23	lisa_01l@ajou.ac.kr	010-6413-3287	Silver	2023-01-07	2024-02-23
10040	Susan	Female	Daejeon	22	susan_02s@ajou.ac.kr	010-0638-5661	Iron	2022-12-04	2024-05-15
10041	Dorothy	Female	Seoul	21	dorothy_03d@ajou.ac.kr	010-4992-7859	Iron	2022-11-25	2024-05-09
10042	Jia	Female	Busan	23	jia_01j@ajou.ac.kr	010-6710-9776	Iron	2022-10-16	2024-01-25
10043	James	Male	Suwon	23	james_01j@ajou.ac.kr	010-3959-7857	Iron	2023-04-02	2024-04-27
10044	George	Male	Suwon	21	george_03g@ajou.ac.kr	010-2585-3586	Bronze	2022-08-13	2024-01-11
10045	Matthew	Male	Incheon	22	matthew_02m@ajou.ac.kr	010-2564-1503	Bronze	2022-11-04	2024-02-21
10046	Sandra	Female	Seoul	22	sandra_02s@ajou.ac.kr	010-1905-3216	Bronze	2022-06-08	2023-12-13
10047	Matthew	Male	Ulsan	21	matthew_03m@ajou.ac.kr	010-2985-0255	Silver	2022-07-20	2024-02-16
10048	Matthew	Male	Gwangju	23	matthew_01m@ajou.ac.kr	010-5058-4846	Bronze	2023-05-23	2024-04-22
10049	Sharon	Female	Incheon	23	sharon_01s@ajou.ac.kr	010-8292-1197	Gold	2023-03-22	2024-05-13
10050	Betty	Female	Gwangju	23	betty_01b@ajou.ac.kr	010-8946-9050	Silver	2022-10-31	2024-01-01
10051	Edward	Male	Daegu	21	edward_03e@ajou.ac.kr	010-9119-3825	Gold	2022-11-17	2024-01-17
10052	Jessica	Female	Daejeon	22	jessica_02j@ajou.ac.kr	010-3334-4240	Gold	2022-12-21	2024-03-26
10053	Lisa	Female	Seoul	21	lisa_03l@ajou.ac.kr	010-0588-2158	Silver	2023-03-06	2024-03-17
10054	Charles	Male	Daejeon	23	charles_01c@ajou.ac.kr	010-9244-6517	Silver	2023-02-04	2024-01-20
10055	Doyoon	Male	Busan	21	doyoon_03d@ajou.ac.kr	010-3432-8641	Bronze	2023-05-27	2024-04-28
10056	Haeun	Female	Busan	22	haeun_02h@ajou.ac.kr	010-0136-2754	Silver	2023-02-07	2024-01-12
10057	Donald	Male	Daejeon	22	donald_02d@ajou.ac.kr	010-7562-3369	Gold	2023-01-03	2024-01-18
10058	Joseph	Male	Daejeon	20	joseph_04j@ajou.ac.kr	010-7740-4585	Iron	2023-05-22	2024-05-08
10059	Paul	Male	Daegu	21	paul_03p@ajou.ac.kr	010-3078-5772	Silver	2023-05-19	2024-03-31
10060	Seohyun	Female	Daegu	23	seohyun_01s@ajou.ac.kr	010-3233-9851	Silver	2022-11-23	2024-02-01
10061	Barbara	Female	Busan	21	barbara_03b@ajou.ac.kr	010-4084-9437	Gold	2023-04-24	2024-04-04
10062	Yejoon	Male	Ulsan	20	yejoon_04y@ajou.ac.kr	010-5917-7117	Iron	2022-12-26	2024-02-19
10063	Thomas	Male	Busan	22	thomas_02t@ajou.ac.kr	010-2881-7209	Gold	2023-05-11	2024-04-17
10064	Jennifer	Female	Daejeon	23	jennifer_01j@ajou.ac.kr	010-5506-1802	Iron	2022-11-01	2024-03-30
10065	Mark	Male	Ulsan	20	mark_04m@ajou.ac.kr	010-8860-7890	Bronze	2022-07-05	2024-03-29
10066	Barbara	Female	Incheon	23	barbara_01b@ajou.ac.kr	010-0561-9849	Silver	2022-07-23	2024-03-31
10067	Kevin	Male	Ulsan	21	kevin_03k@ajou.ac.kr	010-9193-9779	Iron	2022-12-23	2023-12-21
10068	Joowon	Male	Seoul	23	joowon_01j@ajou.ac.kr	010-0178-6389	Silver	2022-07-13	2024-05-12
10069	Kevin	Male	Ulsan	23	kevin_01k@ajou.ac.kr	010-8033-9723	Silver	2023-02-26	2024-04-18
10070	Edward	Male	Seoul	22	edward_02e@ajou.ac.kr	010-1318-9071	Iron	2023-05-28	2024-05-20
10071	Cynthia	Female	Daejeon	20	cynthia_04c@ajou.ac.kr	010-0878-1418	Gold	2022-07-15	2024-01-17
10072	Edward	Male	Busan	23	edward_01e@ajou.ac.kr	010-6484-6002	Gold	2022-10-13	2024-03-04
10073	Jia	Female	Daejeon	22	jia_02j@ajou.ac.kr	010-2351-2984	Silver	2022-06-15	2024-04-05
10074	Jennifer	Female	Seoul	21	jennifer_03j@ajou.ac.kr	010-5088-0693	Bronze	2023-01-22	2024-01-13
10075	Jeffrey	Male	Incheon	23	jeffrey_01j@ajou.ac.kr	010-5231-9792	Bronze	2022-09-22	2024-03-04
10076	Joseph	Male	Ulsan	22	joseph_02j@ajou.ac.kr	010-7285-4078	Gold	2022-09-14	2023-12-31
10077	Haeun	Female	Incheon	23	haeun_01h@ajou.ac.kr	010-6627-4109	Gold	2022-12-30	2023-12-24
10078	Lisa	Female	Incheon	22	lisa_02l@ajou.ac.kr	010-1198-5759	Gold	2023-03-09	2024-05-06
10079	David	Male	Incheon	23	david_01d@ajou.ac.kr	010-3587-1337	Bronze	2023-02-15	2024-04-08
10080	Ryan	Male	Daegu	22	ryan_02r@ajou.ac.kr	010-9674-0971	Bronze	2022-09-03	2023-12-15
10081	Siu	Male	Gwangju	21	siu_03s@ajou.ac.kr	010-3237-7729	Silver	2023-06-02	2024-03-21
10082	Hajoon	Male	Busan	20	hajoon_04h@ajou.ac.kr	010-7253-5526	Iron	2023-05-07	2024-03-27
10083	Christopher	Male	Seoul	20	christopher_04c@ajou.ac.kr	010-1178-1750	Iron	2023-02-11	2024-01-09
10084	Dohyun	Male	Ulsan	23	dohyun_01d@ajou.ac.kr	010-0078-6536	Bronze	2022-11-02	2024-04-13
10085	Laura	Female	Daejeon	20	laura_04l@ajou.ac.kr	010-1480-5309	Bronze	2022-12-21	2024-05-28
10086	Amanda	Female	Daejeon	22	amanda_02a@ajou.ac.kr	010-9642-7404	Gold	2023-01-26	2024-02-20
10087	Jiyoo	Female	Daegu	21	jiyoo_03j@ajou.ac.kr	010-8723-7399	Silver	2022-10-16	2024-04-11
10088	Dohyun	Male	Seoul	23	dohyun_01d@ajou.ac.kr	010-6800-0983	Gold	2022-09-20	2024-01-30
10089	Joonwoo	Male	Daejeon	22	joonwoo_02j@ajou.ac.kr	010-7426-1233	Gold	2023-01-11	2024-04-25
10090	Nancy	Female	Incheon	20	nancy_04n@ajou.ac.kr	010-3668-5899	Bronze	2023-02-10	2024-02-05
10091	Matthew	Male	Daegu	21	matthew_03m@ajou.ac.kr	010-6841-2338	Iron	2022-12-12	2024-03-26
10092	Emily	Female	Suwon	20	emily_04e@ajou.ac.kr	010-1316-6406	Gold	2023-04-25	2023-12-24
10093	Joshua	Male	Suwon	21	joshua_03j@ajou.ac.kr	010-2722-0863	Gold	2023-02-15	2024-05-22
10094	Kevin	Male	Busan	21	kevin_03k@ajou.ac.kr	010-9396-3943	Bronze	2023-02-13	2024-03-11
10095	Sharon	Female	Ulsan	22	sharon_02s@ajou.ac.kr	010-6861-5103	Silver	2022-07-13	2024-05-15
10096	Andrew	Male	Seoul	20	andrew_04a@ajou.ac.kr	010-1341-0274	Silver	2022-08-04	2023-12-27
10097	Kimberly	Female	Daegu	20	kimberly_04k@ajou.ac.kr	010-5441-2747	Iron	2022-11-27	2023-12-11
10098	Yoonseo	Female	Incheon	23	yoonseo_01y@ajou.ac.kr	010-8037-0718	Bronze	2023-02-08	2023-12-06
10099	Rebecca	Female	Seoul	21	rebecca_03r@ajou.ac.kr	010-7530-6615	Silver	2022-12-28	2024-03-06
10100	Doyoon	Male	Daegu	21	doyoon_03d@ajou.ac.kr	010-0056-4969	Gold	2022-11-05	2024-03-20
10101	Melissa	Female	Incheon	21	melissa_03m@ajou.ac.kr	010-9179-1217	Silver	2022-07-16	2024-04-08
10102	Hajoon	Male	Suwon	23	hajoon_01h@ajou.ac.kr	010-9302-7836	Iron	2022-09-25	2024-04-26
10103	Sua	Female	Gwangju	22	sua_02s@ajou.ac.kr	010-7824-8381	Silver	2022-12-27	2024-02-14
10104	Melissa	Female	Ulsan	21	melissa_03m@ajou.ac.kr	010-2970-5934	Silver	2022-06-07	2024-05-31
10105	Joonwoo	Male	Busan	23	joonwoo_01j@ajou.ac.kr	010-5963-2059	Bronze	2022-12-17	2024-01-13
10106	Susan	Female	Daejeon	20	susan_04s@ajou.ac.kr	010-2456-1245	Silver	2023-05-07	2023-12-06
10107	Kenneth	Male	Busan	20	kenneth_04k@ajou.ac.kr	010-8141-8877	Gold	2023-04-19	2024-03-10
10108	Matthew	Male	Daegu	21	matthew_03m@ajou.ac.kr	010-2642-3886	Silver	2022-07-04	2024-01-07
10109	Edward	Male	Suwon	22	edward_02e@ajou.ac.kr	010-0342-3505	Gold	2022-11-24	2024-02-05
10110	Mary	Female	Gwangju	20	mary_04m@ajou.ac.kr	010-0077-8764	Bronze	2023-01-02	2024-04-16
10111	Jiyoo	Female	Daejeon	20	jiyoo_04j@ajou.ac.kr	010-1644-0618	Gold	2022-12-12	2024-04-30
10112	Laura	Female	Busan	21	laura_03l@ajou.ac.kr	010-6039-0381	Silver	2022-11-20	2024-05-22
10113	Daniel	Male	Seoul	22	daniel_02d@ajou.ac.kr	010-5055-4186	Iron	2022-12-23	2024-01-28
10114	Kimberly	Female	Ulsan	21	kimberly_03k@ajou.ac.kr	010-7028-5264	Gold	2022-06-28	2024-05-20
10115	Yoonseo	Female	Seoul	22	yoonseo_02y@ajou.ac.kr	010-4631-4475	Silver	2022-09-15	2024-03-30
10116	Melissa	Female	Busan	20	melissa_04m@ajou.ac.kr	010-3419-2174	Silver	2022-12-22	2024-04-06
10117	Kimberly	Female	Busan	23	kimberly_01k@ajou.ac.kr	010-5704-3293	Gold	2022-10-10	2024-01-02
10118	George	Male	Seoul	21	george_03g@ajou.ac.kr	010-6921-5180	Iron	2023-02-08	2023-12-26
10119	Edward	Male	Ulsan	23	edward_01e@ajou.ac.kr	010-2369-7543	Bronze	2023-03-09	2024-02-24
10120	Joowon	Male	Busan	22	joowon_02j@ajou.ac.kr	010-6474-0941	Silver	2023-03-07	2024-05-04
10121	John	Male	Daegu	20	john_04j@ajou.ac.kr	010-6999-2422	Bronze	2023-04-25	2024-01-27
10122	Minseo	Female	Daejeon	23	minseo_01m@ajou.ac.kr	010-3332-4823	Gold	2022-10-20	2024-02-01
10123	Mark	Male	Suwon	22	mark_02m@ajou.ac.kr	010-6739-7346	Silver	2023-04-27	2024-03-13
10124	Linda	Female	Ulsan	22	linda_02l@ajou.ac.kr	010-8191-7227	Bronze	2023-03-11	2024-03-10
10125	Geonwoo	Male	Suwon	22	geonwoo_02g@ajou.ac.kr	010-0325-8330	Bronze	2022-10-13	2024-03-02
10126	Donald	Male	Ulsan	20	donald_04d@ajou.ac.kr	010-0867-5921	Bronze	2022-10-22	2024-05-29
10127	Jimin	Female	Incheon	23	jimin_01j@ajou.ac.kr	010-9874-3037	Silver	2023-02-07	2024-05-13
10128	Emily	Female	Busan	23	emily_01e@ajou.ac.kr	010-0390-8698	Silver	2022-07-05	2024-04-02
10129	Sua	Female	Daejeon	21	sua_03s@ajou.ac.kr	010-0905-7295	Silver	2022-09-02	2024-05-09
10130	Karen	Female	Suwon	23	karen_01k@ajou.ac.kr	010-5249-9231	Gold	2022-12-14	2024-01-03
10131	Laura	Female	Daejeon	20	laura_04l@ajou.ac.kr	010-4724-1414	Silver	2023-03-07	2024-01-08
10132	Jia	Female	Gwangju	22	jia_02j@ajou.ac.kr	010-8067-5028	Silver	2023-06-01	2024-04-21
10133	Barbara	Female	Suwon	23	barbara_01b@ajou.ac.kr	010-5225-1126	Silver	2023-04-11	2024-04-02
10134	Seohyun	Female	Daejeon	20	seohyun_04s@ajou.ac.kr	010-7659-5115	Bronze	2022-09-27	2024-05-05
10135	Michael	Male	Gwangju	23	michael_01m@ajou.ac.kr	010-1824-6169	Gold	2023-04-30	2024-01-11
10136	Nancy	Female	Incheon	22	nancy_02n@ajou.ac.kr	010-9229-6164	Silver	2022-09-08	2024-05-19
10137	Ashley	Female	Ulsan	21	ashley_03a@ajou.ac.kr	010-6318-7059	Bronze	2023-01-16	2024-02-24
10138	Kevin	Male	Daejeon	23	kevin_01k@ajou.ac.kr	010-7187-7403	Silver	2023-05-02	2024-02-15
10139	Robert	Male	Daegu	21	robert_03r@ajou.ac.kr	010-2819-6104	Silver	2023-01-01	2024-01-27
10140	James	Male	Ulsan	22	james_02j@ajou.ac.kr	010-0965-7596	Bronze	2023-02-03	2023-12-14
10141	Laura	Female	Ulsan	21	laura_03l@ajou.ac.kr	010-3232-0932	Gold	2023-05-24	2024-01-05
10142	Amanda	Female	Daegu	22	amanda_02a@ajou.ac.kr	010-3648-1724	Gold	2022-11-17	2024-03-23
10143	George	Male	Busan	23	george_01g@ajou.ac.kr	010-1441-9172	Iron	2023-05-22	2024-01-22
10144	Michelle	Female	Incheon	22	michelle_02m@ajou.ac.kr	010-6105-9129	Iron	2023-05-17	2024-01-04
10145	Amanda	Female	Suwon	23	amanda_01a@ajou.ac.kr	010-0388-1983	Silver	2022-06-15	2024-03-05
10146	Susan	Female	Ulsan	22	susan_02s@ajou.ac.kr	010-4486-5707	Iron	2022-10-25	2024-03-08
10147	Emily	Female	Busan	21	emily_03e@ajou.ac.kr	010-9913-6915	Iron	2023-01-15	2024-04-27
10148	Joonwoo	Male	Busan	21	joonwoo_03j@ajou.ac.kr	010-0330-6336	Gold	2022-11-24	2024-03-09
10149	Jiyoo	Female	Daejeon	23	jiyoo_01j@ajou.ac.kr	010-6051-5435	Iron	2023-01-15	2024-05-04
10150	Susan	Female	Gwangju	23	susan_01s@ajou.ac.kr	010-7139-9716	Bronze	2022-12-28	2024-03-23
10151	George	Male	Busan	22	george_02g@ajou.ac.kr	010-4642-5462	Silver	2022-08-16	2024-01-23
10152	Carol	Female	Daegu	21	carol_03c@ajou.ac.kr	010-2850-7736	Silver	2022-11-08	2024-02-10
10153	Yoonseo	Female	Incheon	20	yoonseo_04y@ajou.ac.kr	010-0012-8870	Iron	2023-01-02	2024-04-14
10154	Paul	Male	Gwangju	22	paul_02p@ajou.ac.kr	010-2379-2534	Gold	2023-02-10	2023-12-12
10155	Donald	Male	Incheon	21	donald_03d@ajou.ac.kr	010-5190-4259	Gold	2022-09-12	2024-01-26
10156	Christopher	Male	Daegu	22	christopher_02c@ajou.ac.kr	010-7149-5341	Silver	2023-05-10	2024-01-20
10157	Yejoon	Male	Ulsan	20	yejoon_04y@ajou.ac.kr	010-8259-1753	Bronze	2023-05-28	2024-03-23
10158	Geonwoo	Male	Gwangju	23	geonwoo_01g@ajou.ac.kr	010-1523-8067	Silver	2022-07-31	2024-04-30
10159	Jimin	Female	Suwon	20	jimin_04j@ajou.ac.kr	010-5831-1899	Bronze	2022-12-09	2024-04-29
10160	Mark	Male	Gwangju	21	mark_03m@ajou.ac.kr	010-3637-2790	Bronze	2022-10-27	2024-01-08
10161	Jeffrey	Male	Incheon	20	jeffrey_04j@ajou.ac.kr	010-3915-1582	Bronze	2022-06-08	2024-02-20
10162	Mary	Female	Ulsan	22	mary_02m@ajou.ac.kr	010-2681-1940	Silver	2022-07-31	2023-12-06
10163	Deborah	Female	Suwon	23	deborah_01d@ajou.ac.kr	010-4330-1989	Bronze	2022-12-12	2024-01-03
10164	Jessica	Female	Gwangju	22	jessica_02j@ajou.ac.kr	010-1014-7728	Bronze	2022-06-14	2024-01-13
10165	Anthony	Male	Busan	23	anthony_01a@ajou.ac.kr	010-0245-5306	Silver	2023-03-02	2024-03-24
10166	Kimberly	Female	Busan	20	kimberly_04k@ajou.ac.kr	010-1212-6119	Gold	2022-08-04	2024-02-27
10167	Patricia	Female	Seoul	21	patricia_03p@ajou.ac.kr	010-0440-9362	Bronze	2022-10-07	2024-04-25
10168	Hajoon	Male	Incheon	22	hajoon_02h@ajou.ac.kr	010-7846-9015	Iron	2023-02-17	2024-02-25
10169	Seoyeon	Female	Daegu	21	seoyeon_03s@ajou.ac.kr	010-9547-5630	Gold	2022-07-28	2024-05-28
10170	Seoyoon	Female	Gwangju	23	seoyoon_01s@ajou.ac.kr	010-6458-0262	Iron	2022-12-24	2024-04-27
10171	Mary	Female	Gwangju	20	mary_04m@ajou.ac.kr	010-2598-1520	Bronze	2023-01-08	2023-12-19
10172	Mary	Female	Seoul	22	mary_02m@ajou.ac.kr	010-4222-4442	Silver	2022-09-03	2024-05-25
10173	Christopher	Male	Daejeon	21	christopher_03c@ajou.ac.kr	010-8700-5416	Gold	2023-05-26	2024-04-11
10174	Seohyun	Female	Daejeon	21	seohyun_03s@ajou.ac.kr	010-8286-0097	Iron	2023-05-30	2024-05-13
10175	Betty	Female	Ulsan	21	betty_03b@ajou.ac.kr	010-5994-8802	Iron	2023-01-01	2024-05-16
10176	Joseph	Male	Seoul	20	joseph_04j@ajou.ac.kr	010-8160-6299	Bronze	2022-08-23	2024-02-09
10177	Anthony	Male	Daegu	20	anthony_04a@ajou.ac.kr	010-5194-7760	Iron	2022-10-01	2024-03-22
10178	Jiho	Male	Daejeon	21	jiho_03j@ajou.ac.kr	010-9080-1784	Iron	2022-12-17	2023-12-11
10179	Joonwoo	Male	Daegu	22	joonwoo_02j@ajou.ac.kr	010-9438-1108	Silver	2022-08-03	2024-05-23
10180	Charles	Male	Daegu	22	charles_02c@ajou.ac.kr	010-3266-2665	Gold	2023-05-03	2023-12-31
10181	Elizabeth	Female	Busan	20	elizabeth_04e@ajou.ac.kr	010-7288-0235	Bronze	2023-02-05	2024-03-27
10182	Patricia	Female	Seoul	20	patricia_04p@ajou.ac.kr	010-0483-7942	Silver	2022-06-10	2024-05-21
10183	Jiwoo	Female	Seoul	21	jiwoo_03j@ajou.ac.kr	010-2617-9332	Silver	2022-11-12	2024-02-18
10184	Linda	Female	Daegu	23	linda_01l@ajou.ac.kr	010-4855-5599	Bronze	2023-03-09	2024-02-04
10185	Emily	Female	Suwon	23	emily_01e@ajou.ac.kr	010-4439-3562	Gold	2023-05-15	2024-04-08
10186	Barbara	Female	Daejeon	22	barbara_02b@ajou.ac.kr	010-7036-1596	Silver	2022-12-23	2024-06-01
10187	Jennifer	Female	Daegu	21	jennifer_03j@ajou.ac.kr	010-2172-0300	Iron	2023-04-13	2024-05-14
10188	Hayoon	Female	Suwon	21	hayoon_03h@ajou.ac.kr	010-5366-5334	Gold	2022-12-06	2023-12-07
10189	Jimin	Female	Daejeon	20	jimin_04j@ajou.ac.kr	010-2744-9609	Gold	2023-03-22	2024-01-29
10190	Jennifer	Female	Seoul	21	jennifer_03j@ajou.ac.kr	010-4698-0687	Iron	2022-06-05	2024-04-24
10191	Hajoon	Male	Daejeon	21	hajoon_03h@ajou.ac.kr	010-1876-5611	Bronze	2023-05-01	2024-01-21
10192	Seohyun	Female	Suwon	23	seohyun_01s@ajou.ac.kr	010-4054-7685	Bronze	2022-12-30	2023-12-06
10193	Edward	Male	Ulsan	21	edward_03e@ajou.ac.kr	010-1141-5136	Iron	2022-12-25	2024-05-31
10194	Geonwoo	Male	Incheon	21	geonwoo_03g@ajou.ac.kr	010-7295-6002	Bronze	2022-11-25	2024-01-12
10195	Minseo	Female	Busan	22	minseo_02m@ajou.ac.kr	010-0283-4879	Gold	2022-10-13	2024-02-12
10196	Cynthia	Female	Gwangju	23	cynthia_01c@ajou.ac.kr	010-2302-5011	Silver	2023-01-06	2024-05-02
10197	Geonwoo	Male	Busan	20	geonwoo_04g@ajou.ac.kr	010-2385-9624	Bronze	2022-06-16	2023-12-20
10198	Matthew	Male	Daegu	21	matthew_03m@ajou.ac.kr	010-5316-8041	Gold	2022-12-20	2024-03-19
10199	Joowon	Male	Busan	22	joowon_02j@ajou.ac.kr	010-6627-2545	Silver	2023-01-25	2024-05-22
10200	Barbara	Female	Suwon	21	barbara_03b@ajou.ac.kr	010-7109-6051	Gold	2023-03-07	2024-03-31
10201	Chaewon	Female	Suwon	22	chaewon_02c@ajou.ac.kr	010-2993-6935	Gold	2022-10-20	2024-01-08
10202	Joseph	Male	Daejeon	20	joseph_04j@ajou.ac.kr	010-3802-6187	Silver	2023-01-28	2023-12-27
10203	Minjoon	Male	Busan	21	minjoon_03m@ajou.ac.kr	010-8701-5162	Gold	2023-04-04	2024-05-22
10204	Edward	Male	Busan	20	edward_04e@ajou.ac.kr	010-0999-4827	Gold	2023-02-01	2023-12-30
10205	Ronald	Male	Suwon	21	ronald_03r@ajou.ac.kr	010-5421-0608	Gold	2023-01-06	2024-02-18
10206	William	Male	Busan	21	william_03w@ajou.ac.kr	010-9004-0651	Iron	2023-05-08	2024-03-22
10207	Rebecca	Female	Seoul	21	rebecca_03r@ajou.ac.kr	010-8101-3468	Gold	2023-03-07	2024-05-14
10208	Jeffrey	Male	Daejeon	22	jeffrey_02j@ajou.ac.kr	010-6117-4984	Silver	2023-02-03	2024-04-10
10209	Seohyun	Female	Seoul	22	seohyun_02s@ajou.ac.kr	010-5629-7757	Bronze	2022-12-18	2023-12-17
10210	Hajoon	Male	Busan	20	hajoon_04h@ajou.ac.kr	010-4613-8914	Silver	2022-11-10	2024-05-11
10211	Yoonseo	Female	Incheon	20	yoonseo_04y@ajou.ac.kr	010-6947-6492	Gold	2022-09-19	2024-02-18
10212	Daniel	Male	Ulsan	21	daniel_03d@ajou.ac.kr	010-8328-2701	Bronze	2023-05-11	2024-02-02
10213	Steven	Male	Daegu	23	steven_01s@ajou.ac.kr	010-2067-1481	Iron	2022-11-25	2024-01-03
10214	Rebecca	Female	Gwangju	22	rebecca_02r@ajou.ac.kr	010-1356-4137	Iron	2022-08-29	2023-12-22
10215	Paul	Male	Gwangju	22	paul_02p@ajou.ac.kr	010-4521-3526	Bronze	2022-06-10	2024-03-21
10216	Matthew	Male	Daejeon	23	matthew_01m@ajou.ac.kr	010-0794-8373	Gold	2023-04-24	2023-12-13
10217	Jennifer	Female	Gwangju	21	jennifer_03j@ajou.ac.kr	010-8435-3731	Iron	2023-01-12	2024-01-25
10218	Doyoon	Male	Daegu	20	doyoon_04d@ajou.ac.kr	010-3556-6375	Bronze	2023-01-09	2024-03-25
10219	Joonseo	Male	Daegu	23	joonseo_01j@ajou.ac.kr	010-9540-7933	Bronze	2022-07-06	2024-01-06
10220	Emily	Female	Busan	21	emily_03e@ajou.ac.kr	010-2514-0047	Bronze	2023-05-28	2024-04-19
10221	Stephanie	Female	Ulsan	20	stephanie_04s@ajou.ac.kr	010-6194-0704	Bronze	2023-04-29	2024-03-25
10222	Richard	Male	Ulsan	20	richard_04r@ajou.ac.kr	010-4881-3939	Gold	2023-01-03	2024-04-01
10223	Emily	Female	Gwangju	20	emily_04e@ajou.ac.kr	010-3353-8456	Iron	2023-05-04	2024-01-12
10224	Andrew	Male	Daegu	20	andrew_04a@ajou.ac.kr	010-3389-1654	Silver	2023-05-04	2024-02-13
10225	Donald	Male	Incheon	22	donald_02d@ajou.ac.kr	010-5395-1046	Iron	2022-08-03	2024-05-29
10226	George	Male	Daejeon	22	george_02g@ajou.ac.kr	010-7472-9454	Iron	2022-10-26	2024-05-18
10227	Jennifer	Female	Ulsan	23	jennifer_01j@ajou.ac.kr	010-6936-5259	Bronze	2022-12-09	2024-01-22
10228	Chaewon	Female	Seoul	22	chaewon_02c@ajou.ac.kr	010-0410-1909	Bronze	2022-08-22	2024-03-28
10229	James	Male	Suwon	20	james_04j@ajou.ac.kr	010-5093-9756	Silver	2022-07-03	2024-02-06
10230	Karen	Female	Gwangju	21	karen_03k@ajou.ac.kr	010-6722-9831	Gold	2023-01-04	2024-04-21
10231	Joowon	Male	Suwon	22	joowon_02j@ajou.ac.kr	010-0078-2736	Silver	2023-02-25	2024-01-05
10232	Ronald	Male	Daejeon	22	ronald_02r@ajou.ac.kr	010-7063-1514	Gold	2022-12-02	2024-01-01
10233	Stephanie	Female	Daegu	22	stephanie_02s@ajou.ac.kr	010-3238-2469	Gold	2022-10-28	2024-02-02
10234	Kenneth	Male	Incheon	23	kenneth_01k@ajou.ac.kr	010-7346-3618	Iron	2023-01-01	2023-12-24
10235	Yoonseo	Female	Seoul	21	yoonseo_03y@ajou.ac.kr	010-2016-6085	Iron	2022-06-10	2024-04-25
10236	Joowon	Male	Daejeon	20	joowon_04j@ajou.ac.kr	010-0345-0568	Gold	2023-02-13	2024-01-10
10237	Barbara	Female	Ulsan	22	barbara_02b@ajou.ac.kr	010-4583-0284	Silver	2022-12-23	2024-05-19
10238	Stephanie	Female	Ulsan	23	stephanie_01s@ajou.ac.kr	010-7140-7737	Gold	2022-10-01	2024-03-09
10239	Michelle	Female	Daejeon	23	michelle_01m@ajou.ac.kr	010-1692-6258	Silver	2022-09-10	2024-03-31
10240	Seoyoon	Female	Seoul	23	seoyoon_01s@ajou.ac.kr	010-3152-3582	Iron	2022-08-19	2024-01-01
10241	Kevin	Male	Ulsan	21	kevin_03k@ajou.ac.kr	010-3995-4212	Bronze	2022-07-08	2024-03-11
10242	Lisa	Female	Ulsan	22	lisa_02l@ajou.ac.kr	010-1872-0695	Bronze	2022-12-18	2024-01-18
10243	Hajoon	Male	Daegu	20	hajoon_04h@ajou.ac.kr	010-6596-1003	Silver	2023-03-12	2024-03-18
10244	Emily	Female	Daejeon	23	emily_01e@ajou.ac.kr	010-2545-9808	Iron	2023-01-27	2023-12-14
10245	Timothy	Male	Daegu	23	timothy_01t@ajou.ac.kr	010-5754-4318	Gold	2022-08-19	2024-01-06
10246	Richard	Male	Gwangju	21	richard_03r@ajou.ac.kr	010-9803-2251	Bronze	2022-10-30	2023-12-08
10247	Cynthia	Female	Busan	23	cynthia_01c@ajou.ac.kr	010-9623-6311	Bronze	2022-12-21	2024-03-06
10248	Sandra	Female	Daejeon	21	sandra_03s@ajou.ac.kr	010-0200-2294	Silver	2023-03-07	2024-05-10
10249	Jiho	Male	Daegu	23	jiho_01j@ajou.ac.kr	010-5520-0356	Gold	2023-04-08	2024-01-26
10250	Ashley	Female	Busan	20	ashley_04a@ajou.ac.kr	010-5038-4849	Silver	2023-02-27	2024-02-10
10251	Geonwoo	Male	Ulsan	22	geonwoo_02g@ajou.ac.kr	010-8581-4950	Gold	2022-11-23	2024-04-04
10252	Ryan	Male	Daegu	21	ryan_03r@ajou.ac.kr	010-0216-7905	Iron	2022-10-10	2024-01-03
10253	Patricia	Female	Daegu	21	patricia_03p@ajou.ac.kr	010-5355-7520	Bronze	2023-04-04	2024-01-28
10254	Patricia	Female	Suwon	22	patricia_02p@ajou.ac.kr	010-0730-7144	Silver	2023-04-07	2024-03-07
10255	Joonwoo	Male	Daegu	23	joonwoo_01j@ajou.ac.kr	010-9656-4440	Iron	2023-02-06	2024-02-25
10256	Stephanie	Female	Gwangju	22	stephanie_02s@ajou.ac.kr	010-4463-3078	Iron	2022-08-29	2023-12-11
10257	Minseo	Female	Incheon	21	minseo_03m@ajou.ac.kr	010-5276-9919	Bronze	2023-04-14	2024-03-24
10258	Timothy	Male	Daegu	20	timothy_04t@ajou.ac.kr	010-8289-9104	Gold	2022-09-11	2024-03-22
10259	Joonwoo	Male	Suwon	20	joonwoo_04j@ajou.ac.kr	010-5817-3142	Silver	2022-10-08	2024-01-23
10260	Seoyeon	Female	Daejeon	20	seoyeon_04s@ajou.ac.kr	010-8711-7885	Gold	2022-12-30	2024-04-06
10261	Joonwoo	Male	Daejeon	20	joonwoo_04j@ajou.ac.kr	010-8251-7497	Gold	2022-09-24	2024-02-09
10262	Yejoon	Male	Incheon	23	yejoon_01y@ajou.ac.kr	010-6432-3529	Iron	2022-12-15	2024-01-03
10263	Susan	Female	Daegu	22	susan_02s@ajou.ac.kr	010-5762-6102	Silver	2022-12-16	2024-04-09
10264	Hajoon	Male	Incheon	20	hajoon_04h@ajou.ac.kr	010-4624-2198	Gold	2022-07-14	2024-01-05
10265	Daniel	Male	Seoul	20	daniel_04d@ajou.ac.kr	010-3368-8491	Iron	2023-04-01	2024-05-06
10266	Michelle	Female	Busan	21	michelle_03m@ajou.ac.kr	010-9880-0490	Bronze	2023-02-11	2024-05-04
10267	Daniel	Male	Daejeon	22	daniel_02d@ajou.ac.kr	010-4290-2695	Silver	2023-03-03	2024-02-07
10268	Geonwoo	Male	Ulsan	20	geonwoo_04g@ajou.ac.kr	010-1488-6172	Bronze	2022-08-07	2024-02-19
10269	Joonseo	Male	Incheon	21	joonseo_03j@ajou.ac.kr	010-2543-3562	Silver	2022-09-15	2024-01-16
10270	Robert	Male	Gwangju	21	robert_03r@ajou.ac.kr	010-0176-4307	Bronze	2023-01-12	2023-12-08
10271	David	Male	Incheon	23	david_01d@ajou.ac.kr	010-7544-0012	Bronze	2023-04-21	2024-01-11
10272	Jihoo	Male	Ulsan	20	jihoo_04j@ajou.ac.kr	010-3426-7607	Iron	2022-11-22	2023-12-09
10273	Jimin	Female	Daejeon	20	jimin_04j@ajou.ac.kr	010-1883-4406	Silver	2022-06-11	2024-03-31
10274	Donald	Male	Incheon	23	donald_01d@ajou.ac.kr	010-5414-5978	Iron	2022-12-30	2024-01-23
10275	Laura	Female	Suwon	20	laura_04l@ajou.ac.kr	010-6218-7902	Bronze	2022-08-11	2024-01-07
10276	Susan	Female	Gwangju	21	susan_03s@ajou.ac.kr	010-2243-4040	Bronze	2022-08-08	2024-02-04
10277	Seoyoon	Female	Gwangju	21	seoyoon_03s@ajou.ac.kr	010-0014-8950	Iron	2022-12-19	2024-02-17
10278	James	Male	Daegu	20	james_04j@ajou.ac.kr	010-9245-7331	Bronze	2023-04-19	2023-12-15
10279	Anthony	Male	Ulsan	22	anthony_02a@ajou.ac.kr	010-2856-8857	Iron	2022-06-13	2024-01-03
10280	Anthony	Male	Suwon	23	anthony_01a@ajou.ac.kr	010-7303-6345	Silver	2023-01-12	2023-12-16
10281	George	Male	Seoul	20	george_04g@ajou.ac.kr	010-9344-0566	Iron	2023-05-26	2024-04-17
10282	Edward	Male	Seoul	23	edward_01e@ajou.ac.kr	010-3598-5369	Iron	2023-03-20	2024-04-11
10283	Barbara	Female	Daegu	21	barbara_03b@ajou.ac.kr	010-3137-0752	Gold	2022-11-11	2024-04-21
10284	Jeffrey	Male	Incheon	21	jeffrey_03j@ajou.ac.kr	010-6337-4146	Gold	2023-01-19	2024-04-12
10285	Hajoon	Male	Gwangju	21	hajoon_03h@ajou.ac.kr	010-2884-6541	Silver	2023-04-13	2024-05-27
10286	Jia	Female	Gwangju	21	jia_03j@ajou.ac.kr	010-9578-2230	Iron	2022-06-03	2023-12-27
10287	Joowon	Male	Incheon	20	joowon_04j@ajou.ac.kr	010-4425-2340	Iron	2022-07-30	2024-03-16
10288	William	Male	Gwangju	22	william_02w@ajou.ac.kr	010-7453-1941	Gold	2023-03-16	2023-12-22
10289	Rebecca	Female	Daegu	20	rebecca_04r@ajou.ac.kr	010-6519-8454	Gold	2023-04-28	2024-05-28
10290	Doyoon	Male	Incheon	22	doyoon_02d@ajou.ac.kr	010-6472-6800	Silver	2022-11-11	2024-02-26
10291	Joseph	Male	Daegu	20	joseph_04j@ajou.ac.kr	010-9203-4919	Iron	2022-07-20	2024-03-25
10292	Seoyeon	Female	Suwon	21	seoyeon_03s@ajou.ac.kr	010-0699-8259	Bronze	2023-02-05	2023-12-08
10293	Michelle	Female	Suwon	23	michelle_01m@ajou.ac.kr	010-8546-6622	Iron	2023-06-02	2024-05-03
10294	Seohyun	Female	Ulsan	23	seohyun_01s@ajou.ac.kr	010-5562-9057	Gold	2023-03-03	2024-03-16
10295	Seoyoon	Female	Suwon	21	seoyoon_03s@ajou.ac.kr	010-5260-7771	Silver	2023-01-14	2023-12-12
10296	Anthony	Male	Busan	22	anthony_02a@ajou.ac.kr	010-6611-8132	Silver	2022-08-16	2023-12-27
10297	John	Male	Seoul	23	john_01j@ajou.ac.kr	010-3970-2934	Iron	2023-04-28	2024-04-28
10298	Joowon	Male	Ulsan	21	joowon_03j@ajou.ac.kr	010-2227-3009	Silver	2022-07-04	2024-02-26
10299	Joshua	Male	Busan	23	joshua_01j@ajou.ac.kr	010-0979-5997	Gold	2023-05-09	2024-03-19
10300	Christopher	Male	Gwangju	20	christopher_04c@ajou.ac.kr	010-7585-1639	Silver	2022-09-01	2024-02-20
10301	Anthony	Male	Gwangju	23	anthony_01a@ajou.ac.kr	010-4797-6912	Gold	2023-05-25	2024-03-23
10302	Cynthia	Female	Suwon	23	cynthia_01c@ajou.ac.kr	010-7835-6890	Silver	2023-03-08	2024-02-20
10303	Thomas	Male	Gwangju	22	thomas_02t@ajou.ac.kr	010-0406-3644	Silver	2022-12-09	2024-02-25
10304	Jiyoo	Female	Seoul	22	jiyoo_02j@ajou.ac.kr	010-6045-2422	Silver	2022-07-21	2024-01-17
10305	Siu	Male	Ulsan	22	siu_02s@ajou.ac.kr	010-5507-7349	Bronze	2023-04-28	2024-03-08
10306	Barbara	Female	Incheon	23	barbara_01b@ajou.ac.kr	010-3619-0302	Iron	2022-06-07	2024-04-27
10307	Mark	Male	Incheon	23	mark_01m@ajou.ac.kr	010-1687-8770	Iron	2022-12-04	2024-03-27
10308	Cynthia	Female	Daejeon	21	cynthia_03c@ajou.ac.kr	010-4959-4656	Silver	2022-10-10	2024-03-29
10309	Karen	Female	Ulsan	20	karen_04k@ajou.ac.kr	010-1584-4909	Iron	2023-01-16	2024-02-15
10310	Charles	Male	Gwangju	20	charles_04c@ajou.ac.kr	010-4592-8420	Gold	2022-06-06	2024-02-16
10311	Susan	Female	Gwangju	23	susan_01s@ajou.ac.kr	010-8800-7775	Bronze	2023-04-25	2024-05-26
10312	Michelle	Female	Daegu	21	michelle_03m@ajou.ac.kr	010-5355-2697	Gold	2022-12-14	2024-03-07
10313	Mary	Female	Busan	21	mary_03m@ajou.ac.kr	010-1624-4684	Bronze	2022-09-10	2024-03-06
10314	Jason	Male	Incheon	22	jason_02j@ajou.ac.kr	010-3156-5126	Bronze	2022-10-12	2024-02-03
10315	Seoyeon	Female	Ulsan	21	seoyeon_03s@ajou.ac.kr	010-5908-4163	Gold	2022-08-15	2023-12-30
10316	Mary	Female	Daegu	20	mary_04m@ajou.ac.kr	010-1994-7466	Gold	2022-08-12	2024-02-22
10317	Donna	Female	Daejeon	22	donna_02d@ajou.ac.kr	010-5635-8056	Silver	2022-06-17	2024-04-14
10318	Elizabeth	Female	Ulsan	20	elizabeth_04e@ajou.ac.kr	010-8693-3633	Bronze	2022-06-08	2024-02-24
10319	Seoyeon	Female	Incheon	20	seoyeon_04s@ajou.ac.kr	010-7472-9257	Iron	2023-03-13	2024-02-10
10320	Steven	Male	Daejeon	23	steven_01s@ajou.ac.kr	010-7319-2061	Gold	2023-04-20	2024-02-25
10321	Seoyoon	Female	Busan	20	seoyoon_04s@ajou.ac.kr	010-9373-9840	Bronze	2023-04-06	2024-04-08
10322	Donald	Male	Seoul	23	donald_01d@ajou.ac.kr	010-3439-2515	Iron	2022-10-04	2024-05-17
10323	Steven	Male	Daegu	20	steven_04s@ajou.ac.kr	010-3254-1886	Silver	2022-11-03	2024-02-07
10324	Nancy	Female	Gwangju	20	nancy_04n@ajou.ac.kr	010-4630-7758	Iron	2022-12-23	2024-04-05
10325	Deborah	Female	Gwangju	21	deborah_03d@ajou.ac.kr	010-4816-4876	Silver	2023-03-19	2023-12-13
10326	Carol	Female	Busan	22	carol_02c@ajou.ac.kr	010-8718-2717	Silver	2022-07-26	2024-01-20
10327	Seojoon	Male	Suwon	20	seojoon_04s@ajou.ac.kr	010-4501-8035	Iron	2022-12-31	2024-01-03
10328	Jia	Female	Daegu	20	jia_04j@ajou.ac.kr	010-7435-6929	Bronze	2023-03-13	2024-04-06
10329	Patricia	Female	Suwon	23	patricia_01p@ajou.ac.kr	010-1953-2291	Iron	2023-03-01	2023-12-24
10330	Edward	Male	Daegu	21	edward_03e@ajou.ac.kr	010-8524-7863	Bronze	2022-11-13	2024-01-03
10331	Jeffrey	Male	Busan	23	jeffrey_01j@ajou.ac.kr	010-6187-9219	Iron	2022-08-05	2023-12-25
10332	Daniel	Male	Daegu	23	daniel_01d@ajou.ac.kr	010-7640-2781	Gold	2023-01-18	2024-03-23
10333	Joseph	Male	Daejeon	22	joseph_02j@ajou.ac.kr	010-0910-2102	Bronze	2023-03-20	2024-05-25
10334	Siu	Male	Daegu	22	siu_02s@ajou.ac.kr	010-7399-2609	Gold	2022-06-07	2024-03-10
10335	James	Male	Daejeon	22	james_02j@ajou.ac.kr	010-3250-6853	Bronze	2022-09-08	2024-04-12
10336	Kimberly	Female	Daegu	22	kimberly_02k@ajou.ac.kr	010-0014-9230	Iron	2022-08-21	2024-05-14
10337	Jessica	Female	Seoul	22	jessica_02j@ajou.ac.kr	010-2901-1791	Bronze	2023-01-31	2024-04-08
10338	Kevin	Male	Suwon	21	kevin_03k@ajou.ac.kr	010-8055-4472	Silver	2022-12-15	2024-04-17
10339	Ronald	Male	Daegu	21	ronald_03r@ajou.ac.kr	010-4438-7065	Gold	2022-12-20	2024-04-29
10340	Timothy	Male	Incheon	21	timothy_03t@ajou.ac.kr	010-3242-9201	Silver	2023-02-03	2024-03-19
10341	Mary	Female	Busan	22	mary_02m@ajou.ac.kr	010-9608-3666	Gold	2022-11-18	2024-01-10
10342	Dorothy	Female	Daejeon	20	dorothy_04d@ajou.ac.kr	010-8982-2307	Gold	2022-08-27	2024-04-29
10343	Emily	Female	Ulsan	21	emily_03e@ajou.ac.kr	010-6442-8976	Bronze	2023-03-12	2024-03-05
10344	Deborah	Female	Suwon	22	deborah_02d@ajou.ac.kr	010-9501-5299	Silver	2022-07-19	2023-12-22
10345	Yoonseo	Female	Gwangju	21	yoonseo_03y@ajou.ac.kr	010-4341-5906	Iron	2022-12-09	2024-03-12
10346	Rebecca	Female	Incheon	22	rebecca_02r@ajou.ac.kr	010-8156-3218	Bronze	2022-10-08	2024-02-02
10347	Mark	Male	Suwon	20	mark_04m@ajou.ac.kr	010-0267-6072	Bronze	2022-11-28	2023-12-30
10348	Joseph	Male	Incheon	23	joseph_01j@ajou.ac.kr	010-5337-4758	Silver	2023-04-26	2024-02-03
10349	Hayoon	Female	Seoul	23	hayoon_01h@ajou.ac.kr	010-5325-7087	Gold	2023-02-09	2024-01-05
10350	Minjoon	Male	Seoul	20	minjoon_04m@ajou.ac.kr	010-0474-6161	Bronze	2023-03-12	2023-12-09
10351	George	Male	Seoul	21	george_03g@ajou.ac.kr	010-1960-3647	Silver	2023-03-01	2024-04-12
10352	Mark	Male	Incheon	21	mark_03m@ajou.ac.kr	010-0624-1771	Bronze	2022-07-25	2023-12-26
10353	Rebecca	Female	Daegu	21	rebecca_03r@ajou.ac.kr	010-4542-0511	Gold	2023-05-28	2024-02-29
10354	Sua	Female	Seoul	21	sua_03s@ajou.ac.kr	010-9277-7840	Iron	2022-09-22	2024-01-06
10355	Sharon	Female	Suwon	20	sharon_04s@ajou.ac.kr	010-8174-6703	Gold	2023-05-02	2024-02-06
10356	Seoyoon	Female	Busan	20	seoyoon_04s@ajou.ac.kr	010-9100-3411	Iron	2022-10-31	2024-02-07
10357	Mary	Female	Daegu	20	mary_04m@ajou.ac.kr	010-9189-7542	Iron	2023-01-11	2024-04-06
10358	Richard	Male	Gwangju	22	richard_02r@ajou.ac.kr	010-1530-5184	Gold	2023-03-27	2024-03-14
10359	Anthony	Male	Ulsan	20	anthony_04a@ajou.ac.kr	010-0854-8596	Silver	2023-04-19	2024-01-02
10360	Carol	Female	Daejeon	20	carol_04c@ajou.ac.kr	010-9180-4088	Silver	2022-06-22	2023-12-07
10361	Elizabeth	Female	Seoul	23	elizabeth_01e@ajou.ac.kr	010-8709-5261	Bronze	2022-10-12	2023-12-26
10362	Dorothy	Female	Incheon	20	dorothy_04d@ajou.ac.kr	010-6965-9580	Silver	2022-07-16	2024-01-22
10363	Siu	Male	Busan	21	siu_03s@ajou.ac.kr	010-7982-5135	Gold	2022-09-18	2024-05-04
10364	Barbara	Female	Seoul	22	barbara_02b@ajou.ac.kr	010-5633-8290	Gold	2023-03-18	2024-04-16
10365	Susan	Female	Daegu	20	susan_04s@ajou.ac.kr	010-9803-4253	Gold	2023-04-21	2024-02-23
10366	Jimin	Female	Ulsan	20	jimin_04j@ajou.ac.kr	010-2891-5905	Silver	2022-08-16	2024-02-27
10367	Ashley	Female	Daegu	20	ashley_04a@ajou.ac.kr	010-1506-5558	Iron	2022-06-14	2024-03-13
10368	Margaret	Female	Seoul	23	margaret_01m@ajou.ac.kr	010-9235-9979	Bronze	2023-02-22	2024-02-25
10369	Dorothy	Female	Busan	22	dorothy_02d@ajou.ac.kr	010-9136-4019	Iron	2023-03-14	2023-12-29
10370	Joonwoo	Male	Daejeon	23	joonwoo_01j@ajou.ac.kr	010-2099-9851	Bronze	2022-11-07	2024-05-30
10371	Dorothy	Female	Gwangju	21	dorothy_03d@ajou.ac.kr	010-6264-8678	Gold	2023-05-02	2024-01-09
10372	George	Male	Seoul	22	george_02g@ajou.ac.kr	010-7389-2228	Silver	2023-04-26	2024-05-17
10373	Yoonseo	Female	Gwangju	23	yoonseo_01y@ajou.ac.kr	010-1118-2205	Silver	2023-05-28	2024-04-10
10374	Hayoon	Female	Suwon	23	hayoon_01h@ajou.ac.kr	010-0580-6503	Silver	2022-06-26	2024-01-28
10375	Daniel	Male	Incheon	22	daniel_02d@ajou.ac.kr	010-0783-3306	Gold	2022-12-29	2024-04-26
10376	Matthew	Male	Gwangju	20	matthew_04m@ajou.ac.kr	010-3768-7384	Bronze	2023-05-11	2024-02-18
10377	Thomas	Male	Seoul	20	thomas_04t@ajou.ac.kr	010-1313-5033	Bronze	2022-12-03	2024-03-30
10378	Susan	Female	Ulsan	21	susan_03s@ajou.ac.kr	010-7679-0930	Iron	2023-01-07	2024-04-10
10379	John	Male	Seoul	23	john_01j@ajou.ac.kr	010-7291-0164	Bronze	2022-06-05	2024-05-07
10380	Sarah	Female	Seoul	22	sarah_02s@ajou.ac.kr	010-8819-5406	Bronze	2023-04-10	2024-04-26
10381	Lisa	Female	Ulsan	23	lisa_01l@ajou.ac.kr	010-7735-7928	Silver	2023-03-05	2024-01-31
10382	Seoyoon	Female	Seoul	23	seoyoon_01s@ajou.ac.kr	010-6824-8278	Iron	2022-06-09	2024-03-24
10383	Deborah	Female	Ulsan	20	deborah_04d@ajou.ac.kr	010-8404-8657	Gold	2022-11-08	2024-04-16
10384	Anthony	Male	Ulsan	22	anthony_02a@ajou.ac.kr	010-7918-7237	Bronze	2023-02-14	2024-05-20
10385	Mark	Male	Gwangju	20	mark_04m@ajou.ac.kr	010-5139-5133	Gold	2023-03-30	2023-12-22
10386	Dorothy	Female	Seoul	23	dorothy_01d@ajou.ac.kr	010-7285-6479	Gold	2022-07-21	2024-03-04
10387	Emily	Female	Gwangju	20	emily_04e@ajou.ac.kr	010-1773-4605	Bronze	2022-12-31	2023-12-12
10388	Margaret	Female	Daejeon	21	margaret_03m@ajou.ac.kr	010-6242-7894	Iron	2022-06-29	2024-03-14
10389	Jiwoo	Female	Incheon	21	jiwoo_03j@ajou.ac.kr	010-9447-5928	Silver	2023-03-25	2023-12-27
10390	Jessica	Female	Daegu	22	jessica_02j@ajou.ac.kr	010-2516-4946	Bronze	2022-09-18	2024-03-28
10391	Nancy	Female	Seoul	21	nancy_03n@ajou.ac.kr	010-4636-2384	Bronze	2023-03-14	2024-02-07
10392	Elizabeth	Female	Gwangju	20	elizabeth_04e@ajou.ac.kr	010-5267-7068	Bronze	2022-07-22	2024-01-30
10393	William	Male	Gwangju	20	william_04w@ajou.ac.kr	010-8900-9684	Gold	2023-05-09	2024-02-27
10394	Paul	Male	Gwangju	23	paul_01p@ajou.ac.kr	010-7541-0401	Bronze	2022-11-05	2024-05-08
10395	Carol	Female	Incheon	21	carol_03c@ajou.ac.kr	010-7105-4108	Silver	2022-07-22	2024-02-14
10396	Minjoon	Male	Daegu	21	minjoon_03m@ajou.ac.kr	010-1642-6055	Bronze	2022-08-08	2024-02-19
10397	Yoonseo	Female	Daejeon	20	yoonseo_04y@ajou.ac.kr	010-3903-6039	Silver	2023-05-28	2024-03-12
10398	Mary	Female	Ulsan	22	mary_02m@ajou.ac.kr	010-8593-7882	Bronze	2023-01-06	2024-02-12
10399	Carol	Female	Seoul	21	carol_03c@ajou.ac.kr	010-7848-6794	Bronze	2023-02-19	2024-05-25
10400	Hajoon	Male	Seoul	22	hajoon_02h@ajou.ac.kr	010-6782-7823	Gold	2023-05-02	2024-02-17
10401	Jiyoo	Female	Seoul	21	jiyoo_03j@ajou.ac.kr	010-4441-6549	Silver	2022-12-21	2023-12-13
10402	Laura	Female	Seoul	21	laura_03l@ajou.ac.kr	010-5458-2676	Iron	2022-10-17	2024-04-27
10403	Joonseo	Male	Incheon	20	joonseo_04j@ajou.ac.kr	010-1891-5073	Bronze	2023-05-16	2024-05-28
10404	Michelle	Female	Suwon	20	michelle_04m@ajou.ac.kr	010-7689-4264	Bronze	2022-10-28	2024-04-19
10405	Richard	Male	Ulsan	23	richard_01r@ajou.ac.kr	010-0309-7877	Gold	2022-06-21	2024-01-31
10406	Jia	Female	Daegu	20	jia_04j@ajou.ac.kr	010-4701-7357	Iron	2023-04-11	2024-05-26
10407	Joseph	Male	Daejeon	22	joseph_02j@ajou.ac.kr	010-1886-6728	Iron	2023-05-01	2023-12-26
10408	Laura	Female	Suwon	22	laura_02l@ajou.ac.kr	010-2160-4689	Bronze	2022-09-15	2024-01-18
10409	Mary	Female	Busan	20	mary_04m@ajou.ac.kr	010-1520-8282	Bronze	2023-04-30	2024-02-05
10410	Linda	Female	Ulsan	23	linda_01l@ajou.ac.kr	010-5594-2981	Gold	2022-10-30	2024-04-08
10411	Michael	Male	Seoul	20	michael_04m@ajou.ac.kr	010-3779-0272	Silver	2022-12-03	2023-12-23
10412	Yoonseo	Female	Incheon	23	yoonseo_01y@ajou.ac.kr	010-8119-1083	Silver	2023-02-24	2024-05-18
10413	William	Male	Gwangju	23	william_01w@ajou.ac.kr	010-0455-4207	Gold	2022-09-24	2024-05-28
10414	William	Male	Busan	21	william_03w@ajou.ac.kr	010-6346-8051	Silver	2022-09-10	2024-03-18
10415	Yejoon	Male	Seoul	22	yejoon_02y@ajou.ac.kr	010-7730-8047	Gold	2023-03-12	2024-03-09
10416	Jessica	Female	Ulsan	23	jessica_01j@ajou.ac.kr	010-8799-2533	Silver	2023-03-02	2024-03-22
10417	Hayoon	Female	Incheon	23	hayoon_01h@ajou.ac.kr	010-0835-8908	Bronze	2022-07-31	2024-04-12
10418	Andrew	Male	Daejeon	23	andrew_01a@ajou.ac.kr	010-5201-3013	Iron	2022-12-03	2024-05-20
10419	Joshua	Male	Daegu	23	joshua_01j@ajou.ac.kr	010-5039-5895	Gold	2022-12-09	2024-02-23
10420	Mary	Female	Incheon	22	mary_02m@ajou.ac.kr	010-7958-4365	Bronze	2022-11-17	2024-03-28
10421	Kevin	Male	Ulsan	23	kevin_01k@ajou.ac.kr	010-2441-7453	Iron	2023-02-05	2024-03-11
10422	Emily	Female	Seoul	22	emily_02e@ajou.ac.kr	010-7430-0155	Bronze	2022-08-08	2024-01-10
10423	Sarah	Female	Busan	21	sarah_03s@ajou.ac.kr	010-8151-4851	Iron	2022-08-31	2024-04-30
10424	Paul	Male	Ulsan	20	paul_04p@ajou.ac.kr	010-9447-0985	Silver	2023-01-20	2024-05-23
10425	Richard	Male	Daejeon	20	richard_04r@ajou.ac.kr	010-3824-0926	Iron	2022-09-10	2024-02-18
10426	Sharon	Female	Seoul	23	sharon_01s@ajou.ac.kr	010-6287-0138	Iron	2022-07-19	2024-02-22
10427	Hayoon	Female	Ulsan	20	hayoon_04h@ajou.ac.kr	010-0190-8421	Silver	2022-11-30	2024-01-08
10428	Jiho	Male	Daejeon	21	jiho_03j@ajou.ac.kr	010-2897-9056	Iron	2022-07-30	2024-02-05
10429	Joshua	Male	Incheon	20	joshua_04j@ajou.ac.kr	010-9045-9869	Iron	2022-06-24	2024-05-26
10430	Siu	Male	Daejeon	20	siu_04s@ajou.ac.kr	010-4396-9589	Gold	2023-03-20	2023-12-17
10431	Dorothy	Female	Gwangju	23	dorothy_01d@ajou.ac.kr	010-8328-1094	Iron	2022-07-16	2024-05-13
10432	Elizabeth	Female	Seoul	20	elizabeth_04e@ajou.ac.kr	010-1925-8153	Gold	2023-02-27	2024-04-05
10433	Jeffrey	Male	Daegu	22	jeffrey_02j@ajou.ac.kr	010-3034-2410	Silver	2023-03-02	2023-12-19
10434	Joshua	Male	Busan	23	joshua_01j@ajou.ac.kr	010-5912-9897	Iron	2022-10-17	2024-05-29
10435	Yoonseo	Female	Gwangju	20	yoonseo_04y@ajou.ac.kr	010-0655-8038	Bronze	2023-04-28	2024-03-04
10436	Jiho	Male	Busan	22	jiho_02j@ajou.ac.kr	010-9384-6289	Gold	2022-07-10	2024-03-07
10437	Linda	Female	Daegu	22	linda_02l@ajou.ac.kr	010-6826-5940	Silver	2023-05-07	2024-05-07
10438	Sarah	Female	Incheon	23	sarah_01s@ajou.ac.kr	010-9551-0108	Iron	2023-03-24	2024-05-04
10439	David	Male	Ulsan	23	david_01d@ajou.ac.kr	010-9539-9093	Gold	2022-10-12	2024-02-16
10440	Nancy	Female	Ulsan	23	nancy_01n@ajou.ac.kr	010-4157-1084	Gold	2022-12-21	2024-03-11
10441	Andrew	Male	Daegu	22	andrew_02a@ajou.ac.kr	010-5960-5414	Bronze	2023-02-15	2024-02-27
10442	Steven	Male	Seoul	22	steven_02s@ajou.ac.kr	010-9357-5923	Iron	2022-12-30	2023-12-24
10443	Richard	Male	Busan	21	richard_03r@ajou.ac.kr	010-8885-2825	Bronze	2022-08-27	2024-03-07
10444	William	Male	Daegu	20	william_04w@ajou.ac.kr	010-4697-9796	Iron	2023-02-18	2024-02-07
10445	Hayoon	Female	Suwon	23	hayoon_01h@ajou.ac.kr	010-0449-9794	Bronze	2022-08-18	2024-02-02
10446	Carol	Female	Gwangju	21	carol_03c@ajou.ac.kr	010-9784-9090	Silver	2023-04-18	2024-04-26
10447	Yejoon	Male	Incheon	23	yejoon_01y@ajou.ac.kr	010-3474-4651	Gold	2022-08-05	2024-05-20
10448	Daniel	Male	Busan	20	daniel_04d@ajou.ac.kr	010-4861-0350	Gold	2022-12-11	2024-01-30
10449	Karen	Female	Suwon	20	karen_04k@ajou.ac.kr	010-1951-4461	Silver	2022-09-15	2024-05-08
10450	Jeffrey	Male	Daegu	22	jeffrey_02j@ajou.ac.kr	010-9265-6010	Silver	2022-09-18	2024-01-28
10451	Michael	Male	Daejeon	23	michael_01m@ajou.ac.kr	010-4065-5089	Silver	2023-01-22	2024-05-23
10452	Seoyeon	Female	Gwangju	20	seoyeon_04s@ajou.ac.kr	010-7370-1809	Silver	2023-04-04	2024-03-30
10453	Seojoon	Male	Incheon	22	seojoon_02s@ajou.ac.kr	010-9764-7915	Bronze	2023-03-13	2024-01-28
10454	Hayoon	Female	Ulsan	22	hayoon_02h@ajou.ac.kr	010-5909-9137	Iron	2023-01-09	2024-05-22
10455	Daniel	Male	Incheon	22	daniel_02d@ajou.ac.kr	010-9596-4488	Gold	2023-02-10	2024-04-04
10456	Sharon	Female	Incheon	20	sharon_04s@ajou.ac.kr	010-8367-0832	Gold	2023-03-11	2024-02-13
10457	Seohyun	Female	Seoul	22	seohyun_02s@ajou.ac.kr	010-6587-9498	Iron	2022-09-11	2024-01-29
10458	Matthew	Male	Incheon	23	matthew_01m@ajou.ac.kr	010-9294-2202	Silver	2023-03-18	2024-01-03
10459	Jeffrey	Male	Daegu	22	jeffrey_02j@ajou.ac.kr	010-4772-9269	Bronze	2023-05-08	2023-12-15
10460	Jia	Female	Suwon	23	jia_01j@ajou.ac.kr	010-3474-5566	Bronze	2022-09-22	2024-01-24
10461	Steven	Male	Daejeon	21	steven_03s@ajou.ac.kr	010-9040-8223	Iron	2022-06-21	2024-04-02
10462	Jiho	Male	Incheon	21	jiho_03j@ajou.ac.kr	010-7018-7841	Gold	2022-10-08	2024-01-25
10463	Anthony	Male	Suwon	20	anthony_04a@ajou.ac.kr	010-5827-8736	Iron	2022-07-26	2024-01-14
10464	Jiyoo	Female	Incheon	21	jiyoo_03j@ajou.ac.kr	010-7186-1478	Bronze	2023-03-25	2024-04-10
10465	Yoonseo	Female	Busan	23	yoonseo_01y@ajou.ac.kr	010-7524-5353	Bronze	2023-03-31	2024-02-06
10466	Jiyoo	Female	Ulsan	21	jiyoo_03j@ajou.ac.kr	010-8922-6954	Bronze	2022-06-06	2024-05-05
10467	Seoyeon	Female	Ulsan	23	seoyeon_01s@ajou.ac.kr	010-2749-7136	Silver	2022-09-12	2024-03-03
10468	Matthew	Male	Gwangju	20	matthew_04m@ajou.ac.kr	010-3696-4460	Bronze	2022-06-05	2024-01-22
10469	Joseph	Male	Busan	22	joseph_02j@ajou.ac.kr	010-6765-7772	Iron	2023-04-30	2024-05-10
10470	Jiwoo	Female	Busan	21	jiwoo_03j@ajou.ac.kr	010-9171-4003	Silver	2023-03-11	2023-12-07
10471	Seoyoon	Female	Daegu	22	seoyoon_02s@ajou.ac.kr	010-5174-2110	Bronze	2023-01-29	2024-01-30
10472	Lisa	Female	Busan	22	lisa_02l@ajou.ac.kr	010-2288-0093	Bronze	2022-06-07	2024-05-27
10473	Minjoon	Male	Ulsan	23	minjoon_01m@ajou.ac.kr	010-0382-9777	Gold	2023-06-01	2024-01-29
10474	Joseph	Male	Ulsan	22	joseph_02j@ajou.ac.kr	010-2165-8197	Gold	2022-10-02	2024-01-10
10475	Sua	Female	Gwangju	23	sua_01s@ajou.ac.kr	010-3940-5145	Gold	2023-03-25	2023-12-06
10476	Dohyun	Male	Gwangju	21	dohyun_03d@ajou.ac.kr	010-6325-1295	Silver	2022-06-10	2024-01-30
10477	Susan	Female	Gwangju	21	susan_03s@ajou.ac.kr	010-2738-1264	Bronze	2023-05-24	2024-03-20
10478	Mary	Female	Gwangju	23	mary_01m@ajou.ac.kr	010-6650-9663	Iron	2022-10-19	2024-06-01
10479	Robert	Male	Ulsan	23	robert_01r@ajou.ac.kr	010-6523-9392	Iron	2023-05-22	2023-12-05
10480	John	Male	Busan	20	john_04j@ajou.ac.kr	010-7187-9523	Gold	2023-05-31	2024-03-03
10481	Rebecca	Female	Busan	23	rebecca_01r@ajou.ac.kr	010-6015-7134	Bronze	2022-09-19	2024-03-18
10482	Ryan	Male	Seoul	22	ryan_02r@ajou.ac.kr	010-4192-6974	Bronze	2022-07-18	2024-03-09
10483	Jason	Male	Daejeon	21	jason_03j@ajou.ac.kr	010-8387-9136	Iron	2022-09-26	2023-12-22
10484	Donald	Male	Daejeon	23	donald_01d@ajou.ac.kr	010-2180-3624	Iron	2022-12-23	2024-03-01
10485	Thomas	Male	Daejeon	22	thomas_02t@ajou.ac.kr	010-1200-7656	Bronze	2022-12-09	2024-02-12
10486	Donald	Male	Busan	23	donald_01d@ajou.ac.kr	010-4098-0393	Bronze	2022-06-08	2024-04-26
10487	Seojoon	Male	Daegu	22	seojoon_02s@ajou.ac.kr	010-5024-9080	Bronze	2023-02-01	2024-04-06
10488	Jeffrey	Male	Busan	23	jeffrey_01j@ajou.ac.kr	010-5282-3963	Bronze	2022-11-22	2024-03-16
10489	Edward	Male	Busan	21	edward_03e@ajou.ac.kr	010-5501-8710	Bronze	2022-11-01	2024-03-17
10490	Anthony	Male	Daejeon	21	anthony_03a@ajou.ac.kr	010-8717-0263	Silver	2022-08-04	2024-01-30
10491	Nancy	Female	Busan	22	nancy_02n@ajou.ac.kr	010-0836-9044	Gold	2023-01-11	2024-01-13
10492	Michael	Male	Daejeon	20	michael_04m@ajou.ac.kr	010-7008-7085	Bronze	2023-05-21	2024-02-15
10493	Sua	Female	Daejeon	21	sua_03s@ajou.ac.kr	010-1564-1611	Iron	2022-06-27	2023-12-07
10494	Kenneth	Male	Suwon	23	kenneth_01k@ajou.ac.kr	010-7356-6047	Gold	2023-05-01	2024-01-20
10495	Betty	Female	Gwangju	22	betty_02b@ajou.ac.kr	010-2550-4670	Iron	2022-09-19	2024-05-27
10496	Sua	Female	Incheon	22	sua_02s@ajou.ac.kr	010-3167-8149	Iron	2023-02-20	2023-12-08
10497	Seoyoon	Female	Suwon	23	seoyoon_01s@ajou.ac.kr	010-2221-0522	Gold	2022-09-15	2024-04-27
10498	Cynthia	Female	Daegu	23	cynthia_01c@ajou.ac.kr	010-3355-0190	Gold	2023-02-01	2023-12-10
10499	Joonseo	Male	Daegu	20	joonseo_04j@ajou.ac.kr	010-4508-9503	Iron	2023-03-27	2024-03-01
10500	Rebecca	Female	Suwon	21	rebecca_03r@ajou.ac.kr	010-0007-9275	Silver	2022-08-19	2024-05-31
10501	Dohyun	Male	Daejeon	20	dohyun_04d@ajou.ac.kr	010-2414-6539	Gold	2022-11-09	2024-04-08
10502	Joonseo	Male	Daegu	22	joonseo_02j@ajou.ac.kr	010-5403-4602	Silver	2022-08-26	2024-04-12
10503	Patricia	Female	Suwon	20	patricia_04p@ajou.ac.kr	010-5164-6037	Gold	2023-02-10	2023-12-12
10504	Christopher	Male	Suwon	20	christopher_04c@ajou.ac.kr	010-6494-8949	Silver	2023-01-07	2024-04-29
10505	Cynthia	Female	Busan	20	cynthia_04c@ajou.ac.kr	010-1423-8052	Iron	2023-02-23	2024-03-20
10506	Susan	Female	Daejeon	20	susan_04s@ajou.ac.kr	010-9854-1720	Silver	2023-05-28	2024-01-08
10507	Lisa	Female	Suwon	21	lisa_03l@ajou.ac.kr	010-2157-5184	Iron	2022-11-13	2024-04-17
10508	David	Male	Suwon	23	david_01d@ajou.ac.kr	010-1310-1579	Iron	2022-06-24	2024-04-14
10509	Sharon	Female	Daegu	23	sharon_01s@ajou.ac.kr	010-9704-9120	Bronze	2022-08-01	2024-02-23
10510	Emily	Female	Daegu	22	emily_02e@ajou.ac.kr	010-5140-7422	Bronze	2023-05-02	2024-01-27
10511	Kenneth	Male	Suwon	22	kenneth_02k@ajou.ac.kr	010-5316-8659	Silver	2023-01-19	2024-05-17
10512	James	Male	Incheon	21	james_03j@ajou.ac.kr	010-0845-6947	Gold	2023-02-06	2024-03-07
10513	Donald	Male	Daejeon	21	donald_03d@ajou.ac.kr	010-9498-3136	Bronze	2022-08-26	2024-05-14
10514	George	Male	Gwangju	21	george_03g@ajou.ac.kr	010-2439-2415	Bronze	2023-01-22	2024-01-31
10515	Jiwoo	Female	Daegu	23	jiwoo_01j@ajou.ac.kr	010-1868-4533	Bronze	2023-04-23	2023-12-24
10516	Yejoon	Male	Gwangju	22	yejoon_02y@ajou.ac.kr	010-1235-8508	Iron	2022-06-17	2024-02-10
10517	Paul	Male	Incheon	22	paul_02p@ajou.ac.kr	010-1491-6096	Gold	2023-02-03	2024-04-03
10518	Matthew	Male	Ulsan	20	matthew_04m@ajou.ac.kr	010-2774-5487	Silver	2023-03-16	2024-05-19
10519	Jihoo	Male	Seoul	21	jihoo_03j@ajou.ac.kr	010-5346-9664	Gold	2023-05-21	2024-05-26
10520	Timothy	Male	Busan	21	timothy_03t@ajou.ac.kr	010-0326-8663	Silver	2022-07-21	2023-12-29
10521	Carol	Female	Busan	23	carol_01c@ajou.ac.kr	010-7647-9896	Gold	2022-06-28	2024-03-01
10522	Dohyun	Male	Suwon	21	dohyun_03d@ajou.ac.kr	010-4207-4357	Bronze	2022-12-11	2024-02-20
10523	Elizabeth	Female	Suwon	22	elizabeth_02e@ajou.ac.kr	010-1949-8831	Iron	2023-01-16	2024-01-29
10524	Ronald	Male	Ulsan	20	ronald_04r@ajou.ac.kr	010-8620-2733	Bronze	2022-12-04	2024-04-06
10525	Jihoo	Male	Incheon	23	jihoo_01j@ajou.ac.kr	010-8633-0452	Iron	2022-07-03	2024-02-20
10526	Sua	Female	Suwon	22	sua_02s@ajou.ac.kr	010-2009-0588	Silver	2023-02-18	2024-01-12
10527	Sandra	Female	Suwon	20	sandra_04s@ajou.ac.kr	010-2954-5961	Gold	2023-02-08	2024-01-28
10528	Timothy	Male	Ulsan	21	timothy_03t@ajou.ac.kr	010-1825-4218	Silver	2023-03-09	2024-03-07
10529	Betty	Female	Busan	22	betty_02b@ajou.ac.kr	010-3975-9475	Gold	2022-09-01	2024-03-01
10530	Lisa	Female	Ulsan	22	lisa_02l@ajou.ac.kr	010-7932-0675	Bronze	2023-03-25	2023-12-26
10531	Timothy	Male	Daegu	20	timothy_04t@ajou.ac.kr	010-5183-6886	Bronze	2023-05-02	2024-01-20
10532	Paul	Male	Incheon	21	paul_03p@ajou.ac.kr	010-0440-6705	Silver	2022-06-28	2024-03-23
10533	David	Male	Seoul	23	david_01d@ajou.ac.kr	010-7581-1413	Silver	2023-01-02	2023-12-27
10534	Sandra	Female	Seoul	21	sandra_03s@ajou.ac.kr	010-7840-9060	Bronze	2022-10-16	2024-03-28
10535	Joseph	Male	Ulsan	22	joseph_02j@ajou.ac.kr	010-6741-8177	Iron	2023-04-22	2023-12-28
10536	Seohyun	Female	Busan	22	seohyun_02s@ajou.ac.kr	010-4659-7887	Bronze	2023-02-19	2024-02-26
10537	Richard	Male	Suwon	21	richard_03r@ajou.ac.kr	010-5366-7258	Bronze	2022-07-03	2024-05-29
10538	Ashley	Female	Daegu	23	ashley_01a@ajou.ac.kr	010-8031-6659	Gold	2022-06-26	2024-03-09
10539	Christopher	Male	Daejeon	21	christopher_03c@ajou.ac.kr	010-4780-1954	Bronze	2023-02-02	2024-05-27
10540	Jessica	Female	Suwon	20	jessica_04j@ajou.ac.kr	010-7922-2732	Iron	2022-12-16	2024-02-22
10541	Geonwoo	Male	Gwangju	20	geonwoo_04g@ajou.ac.kr	010-3163-6387	Gold	2022-11-25	2024-04-17
10542	Kimberly	Female	Seoul	21	kimberly_03k@ajou.ac.kr	010-1680-6678	Bronze	2023-05-20	2023-12-18
10543	Kimberly	Female	Gwangju	20	kimberly_04k@ajou.ac.kr	010-7824-8100	Gold	2023-03-29	2024-03-22
10544	Joseph	Male	Gwangju	22	joseph_02j@ajou.ac.kr	010-7439-4397	Bronze	2022-10-29	2024-01-23
10545	Jiho	Male	Gwangju	20	jiho_04j@ajou.ac.kr	010-9425-1916	Gold	2022-08-18	2024-01-11
10546	Brian	Male	Incheon	21	brian_03b@ajou.ac.kr	010-6209-8531	Iron	2023-04-16	2024-03-17
10547	Matthew	Male	Gwangju	21	matthew_03m@ajou.ac.kr	010-9263-4021	Gold	2023-05-18	2023-12-19
10548	Seohyun	Female	Busan	20	seohyun_04s@ajou.ac.kr	010-6066-9774	Bronze	2022-11-18	2024-02-08
10549	Sua	Female	Suwon	22	sua_02s@ajou.ac.kr	010-0666-6138	Bronze	2022-06-09	2023-12-18
10550	Michael	Male	Daegu	23	michael_01m@ajou.ac.kr	010-0164-5603	Bronze	2022-07-12	2024-05-16
10551	Joowon	Male	Seoul	23	joowon_01j@ajou.ac.kr	010-1131-8293	Silver	2023-03-01	2023-12-15
10552	Paul	Male	Busan	21	paul_03p@ajou.ac.kr	010-6780-5265	Silver	2022-11-24	2024-04-17
10553	George	Male	Seoul	20	george_04g@ajou.ac.kr	010-0195-9792	Silver	2023-03-13	2023-12-23
10554	Emily	Female	Daejeon	22	emily_02e@ajou.ac.kr	010-8837-7983	Bronze	2023-04-05	2024-05-30
10555	Susan	Female	Suwon	21	susan_03s@ajou.ac.kr	010-2974-8728	Silver	2022-11-12	2024-01-13
10556	Hayoon	Female	Seoul	22	hayoon_02h@ajou.ac.kr	010-5830-8437	Gold	2022-07-21	2024-03-04
10557	Joonwoo	Male	Ulsan	20	joonwoo_04j@ajou.ac.kr	010-9252-0146	Iron	2023-01-04	2024-03-02
10558	Jason	Male	Gwangju	21	jason_03j@ajou.ac.kr	010-5284-4979	Bronze	2022-06-21	2024-03-05
10559	Susan	Female	Incheon	20	susan_04s@ajou.ac.kr	010-3381-2225	Silver	2022-08-13	2024-02-12
10560	Mark	Male	Seoul	20	mark_04m@ajou.ac.kr	010-4339-1859	Iron	2022-10-12	2024-01-04
10561	Christopher	Male	Gwangju	20	christopher_04c@ajou.ac.kr	010-1369-9657	Gold	2023-03-20	2024-03-09
10562	Patricia	Female	Daegu	23	patricia_01p@ajou.ac.kr	010-4847-7963	Gold	2023-01-20	2024-01-02
10563	Haeun	Female	Incheon	20	haeun_04h@ajou.ac.kr	010-4051-5752	Gold	2023-03-08	2024-02-29
10564	Jennifer	Female	Daejeon	23	jennifer_01j@ajou.ac.kr	010-3361-3528	Iron	2022-07-08	2024-01-14
10565	Yoonseo	Female	Suwon	23	yoonseo_01y@ajou.ac.kr	010-0313-0303	Gold	2022-10-06	2024-04-04
10566	Haeun	Female	Daejeon	21	haeun_03h@ajou.ac.kr	010-6180-4839	Gold	2022-07-11	2024-05-03
10567	Susan	Female	Daejeon	22	susan_02s@ajou.ac.kr	010-6762-1251	Bronze	2022-08-05	2023-12-31
10568	Siu	Male	Daejeon	22	siu_02s@ajou.ac.kr	010-8241-1665	Silver	2023-02-21	2024-01-30
10569	Jeffrey	Male	Daejeon	23	jeffrey_01j@ajou.ac.kr	010-5455-5057	Gold	2023-04-17	2024-02-01
10570	Chaewon	Female	Gwangju	22	chaewon_02c@ajou.ac.kr	010-5222-3496	Iron	2023-03-01	2024-03-21
10571	Brian	Male	Seoul	21	brian_03b@ajou.ac.kr	010-4847-4307	Iron	2023-02-28	2024-02-27
10572	Daniel	Male	Daejeon	20	daniel_04d@ajou.ac.kr	010-4294-8849	Bronze	2023-01-03	2024-05-21
10573	Yoonseo	Female	Gwangju	23	yoonseo_01y@ajou.ac.kr	010-6113-5454	Gold	2023-03-12	2024-03-15
10574	Steven	Male	Gwangju	20	steven_04s@ajou.ac.kr	010-6922-7626	Silver	2022-08-28	2024-01-16
10575	Jason	Male	Daejeon	23	jason_01j@ajou.ac.kr	010-3170-1592	Iron	2023-04-07	2024-05-23
10576	Brian	Male	Busan	22	brian_02b@ajou.ac.kr	010-4997-2528	Bronze	2023-05-09	2024-06-01
10577	Carol	Female	Incheon	20	carol_04c@ajou.ac.kr	010-7705-1731	Bronze	2023-03-23	2024-05-10
10578	Dorothy	Female	Ulsan	21	dorothy_03d@ajou.ac.kr	010-6463-5379	Bronze	2022-11-07	2024-05-15
10579	Jimin	Female	Gwangju	22	jimin_02j@ajou.ac.kr	010-3261-8964	Silver	2022-09-28	2023-12-17
10580	John	Male	Incheon	22	john_02j@ajou.ac.kr	010-0978-1165	Bronze	2022-11-03	2024-04-27
10581	Kevin	Male	Ulsan	20	kevin_04k@ajou.ac.kr	010-7598-7464	Silver	2022-10-03	2024-05-28
10582	Barbara	Female	Busan	20	barbara_04b@ajou.ac.kr	010-3742-8912	Bronze	2023-05-21	2024-02-01
10583	Joonseo	Male	Busan	22	joonseo_02j@ajou.ac.kr	010-3737-4435	Gold	2022-09-30	2024-03-02
10584	Dohyun	Male	Ulsan	21	dohyun_03d@ajou.ac.kr	010-5920-4881	Bronze	2022-11-17	2024-01-12
10585	Sarah	Female	Daegu	20	sarah_04s@ajou.ac.kr	010-2472-0714	Gold	2023-03-21	2024-03-11
10586	Brian	Male	Seoul	21	brian_03b@ajou.ac.kr	010-7617-9846	Silver	2023-03-18	2024-01-31
10587	Rebecca	Female	Suwon	23	rebecca_01r@ajou.ac.kr	010-9325-4561	Iron	2022-12-18	2024-05-01
10588	Melissa	Female	Gwangju	21	melissa_03m@ajou.ac.kr	010-4212-3726	Silver	2022-07-21	2024-01-28
10589	Melissa	Female	Seoul	22	melissa_02m@ajou.ac.kr	010-6255-4435	Bronze	2022-06-22	2024-05-07
10590	Deborah	Female	Gwangju	23	deborah_01d@ajou.ac.kr	010-0627-5459	Iron	2022-11-15	2024-05-30
10591	Jimin	Female	Incheon	21	jimin_03j@ajou.ac.kr	010-4293-5940	Gold	2022-09-21	2024-01-03
10592	Anthony	Male	Daegu	23	anthony_01a@ajou.ac.kr	010-4705-7308	Silver	2023-05-15	2024-04-22
10593	Steven	Male	Busan	21	steven_03s@ajou.ac.kr	010-4762-3485	Iron	2023-03-23	2024-03-26
10594	Amanda	Female	Daejeon	21	amanda_03a@ajou.ac.kr	010-7071-5767	Bronze	2023-05-23	2024-02-20
10595	Haeun	Female	Incheon	21	haeun_03h@ajou.ac.kr	010-1677-9234	Silver	2023-03-06	2024-02-21
10596	Steven	Male	Busan	22	steven_02s@ajou.ac.kr	010-4192-2340	Bronze	2022-09-10	2024-03-18
10597	Brian	Male	Seoul	23	brian_01b@ajou.ac.kr	010-4162-6384	Iron	2023-03-20	2024-04-28
10598	Jessica	Female	Daejeon	23	jessica_01j@ajou.ac.kr	010-3541-0218	Silver	2022-11-26	2024-03-06
10599	Emily	Female	Ulsan	22	emily_02e@ajou.ac.kr	010-2183-1777	Iron	2022-09-21	2023-12-28
10600	Sua	Female	Seoul	22	sua_02s@ajou.ac.kr	010-7437-4332	Silver	2022-12-13	2024-01-19
10601	Joowon	Male	Suwon	21	joowon_03j@ajou.ac.kr	010-4258-8114	Iron	2022-10-29	2024-05-04
10602	Doyoon	Male	Suwon	20	doyoon_04d@ajou.ac.kr	010-5188-6093	Bronze	2022-10-07	2024-02-29
10603	Richard	Male	Incheon	21	richard_03r@ajou.ac.kr	010-3412-3580	Iron	2022-11-30	2024-01-21
10604	Margaret	Female	Incheon	21	margaret_03m@ajou.ac.kr	010-4789-5801	Iron	2023-05-19	2024-02-28
10605	Dohyun	Male	Daejeon	20	dohyun_04d@ajou.ac.kr	010-6922-1308	Silver	2022-08-20	2024-04-23
10606	Sua	Female	Ulsan	20	sua_04s@ajou.ac.kr	010-0164-3940	Gold	2023-05-19	2024-02-06
10607	George	Male	Busan	23	george_01g@ajou.ac.kr	010-6242-4450	Bronze	2023-04-04	2024-05-11
10608	Laura	Female	Daegu	21	laura_03l@ajou.ac.kr	010-4134-1063	Bronze	2022-09-10	2024-05-31
10609	Joshua	Male	Daegu	20	joshua_04j@ajou.ac.kr	010-9599-9299	Silver	2023-02-22	2024-05-30
10610	Jessica	Female	Ulsan	23	jessica_01j@ajou.ac.kr	010-2516-1132	Bronze	2022-09-11	2024-04-20
10611	William	Male	Ulsan	23	william_01w@ajou.ac.kr	010-9681-1514	Iron	2022-09-12	2024-05-27
10612	Sandra	Female	Busan	23	sandra_01s@ajou.ac.kr	010-1790-1303	Gold	2022-11-13	2023-12-21
10613	John	Male	Suwon	22	john_02j@ajou.ac.kr	010-4389-5183	Silver	2022-12-07	2024-02-15
10614	Chaewon	Female	Ulsan	23	chaewon_01c@ajou.ac.kr	010-3473-2188	Iron	2023-02-04	2024-05-09
10615	Haeun	Female	Suwon	20	haeun_04h@ajou.ac.kr	010-8072-2707	Iron	2023-04-22	2024-04-20
10616	Seoyeon	Female	Incheon	21	seoyeon_03s@ajou.ac.kr	010-9882-0815	Bronze	2023-02-23	2024-02-03
10617	Kimberly	Female	Seoul	20	kimberly_04k@ajou.ac.kr	010-1732-4844	Iron	2023-04-08	2024-02-29
10618	Jiwoo	Female	Incheon	21	jiwoo_03j@ajou.ac.kr	010-8670-2355	Iron	2022-11-10	2024-04-13
10619	George	Male	Ulsan	23	george_01g@ajou.ac.kr	010-0421-8995	Silver	2023-01-14	2024-04-15
10620	Margaret	Female	Busan	21	margaret_03m@ajou.ac.kr	010-9132-1795	Gold	2022-10-29	2024-04-10
10621	Haeun	Female	Daegu	23	haeun_01h@ajou.ac.kr	010-3161-9466	Iron	2023-02-28	2024-02-27
10622	Margaret	Female	Seoul	20	margaret_04m@ajou.ac.kr	010-2489-7399	Gold	2023-04-08	2024-03-25
10623	Emily	Female	Gwangju	23	emily_01e@ajou.ac.kr	010-2205-3451	Iron	2023-04-22	2024-01-29
10624	Linda	Female	Seoul	21	linda_03l@ajou.ac.kr	010-4899-2811	Iron	2023-03-08	2024-04-11
10625	Jimin	Female	Seoul	23	jimin_01j@ajou.ac.kr	010-3473-2986	Bronze	2023-04-27	2024-03-01
10626	Doyoon	Male	Seoul	22	doyoon_02d@ajou.ac.kr	010-0633-9349	Bronze	2022-10-29	2024-03-26
10627	Seoyoon	Female	Daegu	20	seoyoon_04s@ajou.ac.kr	010-7347-1046	Gold	2023-05-06	2024-02-03
10628	Jason	Male	Busan	21	jason_03j@ajou.ac.kr	010-5435-3092	Bronze	2023-01-28	2024-05-12
10629	Doyoon	Male	Busan	23	doyoon_01d@ajou.ac.kr	010-0620-2642	Bronze	2022-10-17	2024-03-15
10630	Mary	Female	Daegu	21	mary_03m@ajou.ac.kr	010-0250-6117	Bronze	2022-12-09	2024-03-16
10631	Sua	Female	Ulsan	20	sua_04s@ajou.ac.kr	010-2784-4792	Silver	2022-07-06	2024-04-15
10632	James	Male	Incheon	21	james_03j@ajou.ac.kr	010-4584-5767	Silver	2022-06-22	2024-01-19
10633	Jihoo	Male	Ulsan	20	jihoo_04j@ajou.ac.kr	010-3725-8955	Gold	2023-01-23	2024-03-10
10634	Ryan	Male	Incheon	23	ryan_01r@ajou.ac.kr	010-8833-4314	Bronze	2023-01-11	2023-12-17
10635	Stephanie	Female	Ulsan	22	stephanie_02s@ajou.ac.kr	010-0352-5028	Bronze	2023-04-11	2023-12-05
10636	Richard	Male	Busan	22	richard_02r@ajou.ac.kr	010-6710-3766	Iron	2023-01-19	2024-05-13
10637	Michelle	Female	Ulsan	20	michelle_04m@ajou.ac.kr	010-3543-3993	Bronze	2023-03-22	2024-04-21
10638	Andrew	Male	Daejeon	22	andrew_02a@ajou.ac.kr	010-7048-4175	Silver	2023-01-14	2023-12-26
10639	Sandra	Female	Suwon	20	sandra_04s@ajou.ac.kr	010-3837-5375	Gold	2022-09-07	2024-03-04
10640	Sharon	Female	Ulsan	22	sharon_02s@ajou.ac.kr	010-0332-9621	Bronze	2022-12-17	2023-12-23
10641	Robert	Male	Daegu	21	robert_03r@ajou.ac.kr	010-1634-3868	Bronze	2022-07-19	2024-01-11
10642	Jennifer	Female	Daejeon	21	jennifer_03j@ajou.ac.kr	010-3012-5122	Bronze	2022-11-12	2024-02-23
10643	Siu	Male	Gwangju	23	siu_01s@ajou.ac.kr	010-7642-1931	Silver	2022-09-24	2024-01-19
10644	Betty	Female	Incheon	20	betty_04b@ajou.ac.kr	010-6965-8167	Iron	2023-04-10	2024-04-24
10645	Joowon	Male	Gwangju	21	joowon_03j@ajou.ac.kr	010-4331-9440	Bronze	2023-01-13	2024-02-27
10646	Doyoon	Male	Seoul	22	doyoon_02d@ajou.ac.kr	010-4598-1544	Silver	2023-01-27	2024-03-06
10647	John	Male	Busan	22	john_02j@ajou.ac.kr	010-9662-4803	Bronze	2022-07-07	2024-01-22
10648	Ashley	Female	Incheon	20	ashley_04a@ajou.ac.kr	010-7795-1326	Silver	2022-07-27	2024-03-16
10649	Elizabeth	Female	Busan	23	elizabeth_01e@ajou.ac.kr	010-4541-1498	Gold	2022-09-20	2024-05-17
10650	Ryan	Male	Ulsan	22	ryan_02r@ajou.ac.kr	010-2438-5712	Silver	2022-08-18	2024-02-06
10651	Jeffrey	Male	Busan	22	jeffrey_02j@ajou.ac.kr	010-4024-6453	Silver	2022-12-10	2024-02-17
10652	Hayoon	Female	Suwon	23	hayoon_01h@ajou.ac.kr	010-7698-4780	Silver	2022-07-26	2024-05-20
10653	Andrew	Male	Gwangju	20	andrew_04a@ajou.ac.kr	010-3859-4793	Silver	2022-10-14	2024-02-09
10654	Andrew	Male	Suwon	22	andrew_02a@ajou.ac.kr	010-2883-4046	Bronze	2022-07-15	2024-03-24
10655	Donna	Female	Daejeon	22	donna_02d@ajou.ac.kr	010-9987-0647	Bronze	2022-09-21	2024-01-02
10656	Emily	Female	Ulsan	22	emily_02e@ajou.ac.kr	010-8094-7701	Silver	2022-12-15	2024-04-02
10657	Donna	Female	Seoul	20	donna_04d@ajou.ac.kr	010-2983-3805	Gold	2023-05-07	2024-05-14
10658	Linda	Female	Incheon	23	linda_01l@ajou.ac.kr	010-4252-2081	Bronze	2023-03-28	2024-01-24
10659	Brian	Male	Suwon	21	brian_03b@ajou.ac.kr	010-6114-0399	Bronze	2022-10-16	2024-05-25
10660	Minseo	Female	Daegu	20	minseo_04m@ajou.ac.kr	010-0334-7679	Gold	2023-05-21	2024-03-03
10661	Jiho	Male	Suwon	23	jiho_01j@ajou.ac.kr	010-2580-5056	Silver	2023-04-27	2024-04-22
10662	Linda	Female	Busan	22	linda_02l@ajou.ac.kr	010-8325-4018	Iron	2023-05-21	2024-05-28
10663	Joshua	Male	Daegu	21	joshua_03j@ajou.ac.kr	010-0013-7631	Bronze	2023-03-22	2023-12-14
10664	William	Male	Busan	21	william_03w@ajou.ac.kr	010-9433-6221	Bronze	2023-04-28	2023-12-30
10665	Timothy	Male	Suwon	20	timothy_04t@ajou.ac.kr	010-7396-0389	Bronze	2022-10-10	2024-01-24
10666	Daniel	Male	Gwangju	20	daniel_04d@ajou.ac.kr	010-3210-7050	Gold	2022-10-27	2024-02-07
10667	Jiyoo	Female	Ulsan	22	jiyoo_02j@ajou.ac.kr	010-3250-5207	Silver	2022-06-29	2023-12-29
10668	Matthew	Male	Daegu	22	matthew_02m@ajou.ac.kr	010-4042-0187	Gold	2023-01-01	2024-03-24
10669	Cynthia	Female	Suwon	22	cynthia_02c@ajou.ac.kr	010-6271-6935	Iron	2022-08-22	2024-05-01
10670	David	Male	Daejeon	20	david_04d@ajou.ac.kr	010-5882-0598	Gold	2022-09-07	2024-02-28
10671	Barbara	Female	Seoul	22	barbara_02b@ajou.ac.kr	010-4035-6365	Iron	2023-05-12	2024-04-24
10672	Laura	Female	Ulsan	20	laura_04l@ajou.ac.kr	010-6245-3295	Iron	2022-11-22	2024-05-22
10673	Rebecca	Female	Daejeon	20	rebecca_04r@ajou.ac.kr	010-1825-3155	Bronze	2022-11-15	2024-05-14
10674	Anthony	Male	Ulsan	22	anthony_02a@ajou.ac.kr	010-9379-1892	Silver	2022-08-17	2024-01-30
10675	Haeun	Female	Seoul	22	haeun_02h@ajou.ac.kr	010-2297-9707	Silver	2023-04-01	2024-02-07
10676	Seojoon	Male	Daejeon	20	seojoon_04s@ajou.ac.kr	010-8428-5371	Gold	2023-01-07	2023-12-11
10677	Laura	Female	Daegu	22	laura_02l@ajou.ac.kr	010-3669-1436	Iron	2023-01-01	2024-04-16
10678	John	Male	Suwon	20	john_04j@ajou.ac.kr	010-8122-9342	Bronze	2022-07-14	2023-12-26
10679	Ronald	Male	Incheon	20	ronald_04r@ajou.ac.kr	010-8449-7237	Iron	2022-08-07	2023-12-05
10680	Timothy	Male	Daejeon	20	timothy_04t@ajou.ac.kr	010-7692-5018	Bronze	2023-04-13	2024-01-24
10681	Joonseo	Male	Busan	20	joonseo_04j@ajou.ac.kr	010-9126-3761	Bronze	2023-03-11	2024-02-14
10682	Sua	Female	Gwangju	21	sua_03s@ajou.ac.kr	010-8027-8563	Iron	2023-02-03	2023-12-06
10683	Seoyeon	Female	Busan	21	seoyeon_03s@ajou.ac.kr	010-5895-1675	Silver	2023-04-29	2024-02-27
10684	Edward	Male	Suwon	22	edward_02e@ajou.ac.kr	010-6372-1028	Gold	2022-07-07	2024-04-02
10685	Sandra	Female	Seoul	20	sandra_04s@ajou.ac.kr	010-4237-8603	Iron	2022-07-29	2024-04-28
10686	Donald	Male	Gwangju	21	donald_03d@ajou.ac.kr	010-0547-6150	Silver	2023-04-07	2024-03-30
10687	Chaewon	Female	Seoul	21	chaewon_03c@ajou.ac.kr	010-1060-1848	Gold	2023-02-27	2024-02-10
10688	Timothy	Male	Incheon	22	timothy_02t@ajou.ac.kr	010-3833-1509	Bronze	2023-01-29	2024-02-10
10689	Jiyoo	Female	Daegu	22	jiyoo_02j@ajou.ac.kr	010-5074-4200	Gold	2023-01-21	2024-05-13
10690	Edward	Male	Daejeon	21	edward_03e@ajou.ac.kr	010-7785-6175	Gold	2023-02-18	2024-01-17
10691	Stephanie	Female	Seoul	20	stephanie_04s@ajou.ac.kr	010-7044-9242	Gold	2022-10-10	2024-02-16
10692	Carol	Female	Suwon	21	carol_03c@ajou.ac.kr	010-5869-5780	Gold	2023-01-04	2024-02-08
10693	Yoonseo	Female	Daegu	22	yoonseo_02y@ajou.ac.kr	010-6828-8323	Gold	2023-02-11	2024-03-07
10694	Kevin	Male	Daejeon	20	kevin_04k@ajou.ac.kr	010-1603-3805	Iron	2022-12-24	2023-12-06
10695	Joshua	Male	Ulsan	21	joshua_03j@ajou.ac.kr	010-3480-0834	Silver	2022-11-19	2023-12-22
10696	Robert	Male	Suwon	22	robert_02r@ajou.ac.kr	010-6335-3166	Bronze	2023-01-06	2024-04-03
10697	Yejoon	Male	Ulsan	23	yejoon_01y@ajou.ac.kr	010-5573-6603	Silver	2022-12-17	2024-02-18
10698	Kimberly	Female	Incheon	20	kimberly_04k@ajou.ac.kr	010-5727-9639	Bronze	2023-01-03	2024-01-15
10699	James	Male	Busan	21	james_03j@ajou.ac.kr	010-1435-3765	Gold	2022-12-20	2023-12-06
10700	Deborah	Female	Incheon	21	deborah_03d@ajou.ac.kr	010-5502-3151	Bronze	2023-03-09	2024-05-29
10701	Sharon	Female	Suwon	20	sharon_04s@ajou.ac.kr	010-1966-7685	Iron	2022-10-18	2024-05-16
10702	Minseo	Female	Incheon	20	minseo_04m@ajou.ac.kr	010-1620-1452	Silver	2022-12-09	2023-12-16
10703	Richard	Male	Daejeon	21	richard_03r@ajou.ac.kr	010-1087-6606	Gold	2023-01-24	2024-05-31
10704	Sandra	Female	Ulsan	22	sandra_02s@ajou.ac.kr	010-7015-6217	Silver	2022-12-16	2024-04-17
10705	Doyoon	Male	Incheon	21	doyoon_03d@ajou.ac.kr	010-2864-3285	Bronze	2023-04-28	2024-02-09
10706	Siu	Male	Daegu	23	siu_01s@ajou.ac.kr	010-7357-5631	Bronze	2023-01-22	2024-05-26
10707	Doyoon	Male	Suwon	21	doyoon_03d@ajou.ac.kr	010-8108-7954	Gold	2022-08-28	2024-03-29
10708	Lisa	Female	Gwangju	20	lisa_04l@ajou.ac.kr	010-1907-7561	Gold	2023-05-24	2024-01-19
10709	Mary	Female	Daejeon	22	mary_02m@ajou.ac.kr	010-8106-9833	Gold	2022-09-11	2023-12-22
10710	Susan	Female	Suwon	22	susan_02s@ajou.ac.kr	010-6563-5764	Iron	2023-02-17	2024-05-14
10711	Karen	Female	Gwangju	23	karen_01k@ajou.ac.kr	010-8140-9580	Gold	2022-06-20	2024-04-30
10712	Seojoon	Male	Daejeon	21	seojoon_03s@ajou.ac.kr	010-9207-6636	Gold	2023-02-18	2024-02-26
10713	Matthew	Male	Daegu	23	matthew_01m@ajou.ac.kr	010-8811-3994	Silver	2023-05-20	2023-12-31
10714	Joseph	Male	Gwangju	23	joseph_01j@ajou.ac.kr	010-1992-0979	Silver	2022-08-20	2023-12-11
10715	Seoyoon	Female	Gwangju	23	seoyoon_01s@ajou.ac.kr	010-3204-5921	Iron	2023-04-22	2024-02-10
10716	James	Male	Busan	20	james_04j@ajou.ac.kr	010-9144-1780	Silver	2022-09-07	2023-12-16
10717	Mark	Male	Busan	22	mark_02m@ajou.ac.kr	010-6250-8187	Silver	2022-09-15	2024-03-21
10718	Amanda	Female	Incheon	23	amanda_01a@ajou.ac.kr	010-9946-0353	Silver	2023-02-25	2024-01-08
10719	Jiho	Male	Suwon	20	jiho_04j@ajou.ac.kr	010-6138-7342	Iron	2022-06-18	2024-03-04
10720	Donald	Male	Ulsan	23	donald_01d@ajou.ac.kr	010-0716-6957	Silver	2023-02-08	2024-05-20
10721	Thomas	Male	Seoul	20	thomas_04t@ajou.ac.kr	010-9797-8104	Silver	2022-10-12	2024-02-12
10722	Laura	Female	Gwangju	22	laura_02l@ajou.ac.kr	010-9417-7681	Silver	2022-12-12	2024-04-22
10723	Jia	Female	Suwon	22	jia_02j@ajou.ac.kr	010-1067-8950	Bronze	2023-03-26	2024-05-20
10724	Geonwoo	Male	Ulsan	22	geonwoo_02g@ajou.ac.kr	010-3635-1361	Bronze	2023-04-28	2024-01-17
10725	Jiho	Male	Gwangju	23	jiho_01j@ajou.ac.kr	010-4131-8456	Bronze	2023-05-13	2024-01-13
10726	Seoyeon	Female	Busan	20	seoyeon_04s@ajou.ac.kr	010-4635-4009	Silver	2022-11-07	2024-03-02
10727	Jiyoo	Female	Gwangju	20	jiyoo_04j@ajou.ac.kr	010-2475-0653	Iron	2022-08-19	2024-02-03
10728	Geonwoo	Male	Ulsan	23	geonwoo_01g@ajou.ac.kr	010-1247-5529	Silver	2022-06-15	2023-12-22
10729	Jeffrey	Male	Incheon	23	jeffrey_01j@ajou.ac.kr	010-5786-9312	Iron	2022-12-04	2024-02-01
10730	Kenneth	Male	Incheon	20	kenneth_04k@ajou.ac.kr	010-7752-9547	Gold	2022-10-21	2024-05-15
10731	Seohyun	Female	Daejeon	20	seohyun_04s@ajou.ac.kr	010-1839-1139	Gold	2022-08-12	2024-01-02
10732	Andrew	Male	Suwon	21	andrew_03a@ajou.ac.kr	010-8883-8573	Silver	2023-04-17	2024-03-04
10733	Karen	Female	Daejeon	21	karen_03k@ajou.ac.kr	010-3472-4792	Silver	2023-03-07	2024-02-15
10734	Hayoon	Female	Ulsan	21	hayoon_03h@ajou.ac.kr	010-9585-9967	Gold	2023-01-15	2023-12-12
10735	Jiho	Male	Incheon	22	jiho_02j@ajou.ac.kr	010-7680-0445	Gold	2022-08-29	2024-04-16
10736	Melissa	Female	Busan	23	melissa_01m@ajou.ac.kr	010-9913-2060	Silver	2023-01-22	2024-02-21
10737	Stephanie	Female	Gwangju	20	stephanie_04s@ajou.ac.kr	010-0416-1580	Silver	2022-10-08	2024-02-09
10738	Minseo	Female	Daegu	20	minseo_04m@ajou.ac.kr	010-1908-2401	Bronze	2023-05-31	2024-05-02
10739	Amanda	Female	Ulsan	23	amanda_01a@ajou.ac.kr	010-5456-1649	Iron	2023-04-15	2024-01-14
10740	Carol	Female	Daejeon	22	carol_02c@ajou.ac.kr	010-6671-9442	Silver	2022-07-20	2024-04-24
10741	Timothy	Male	Daejeon	21	timothy_03t@ajou.ac.kr	010-2310-5457	Silver	2022-09-17	2024-05-31
10742	Joseph	Male	Seoul	21	joseph_03j@ajou.ac.kr	010-8018-2812	Silver	2022-07-05	2024-05-13
10743	Mark	Male	Daejeon	20	mark_04m@ajou.ac.kr	010-9995-8395	Silver	2022-11-10	2024-01-25
10744	Christopher	Male	Seoul	20	christopher_04c@ajou.ac.kr	010-7712-0244	Bronze	2022-11-30	2023-12-11
10745	Edward	Male	Incheon	20	edward_04e@ajou.ac.kr	010-4951-6623	Iron	2022-11-04	2023-12-29
10746	Timothy	Male	Incheon	23	timothy_01t@ajou.ac.kr	010-3896-2478	Silver	2023-03-20	2024-04-15
10747	Nancy	Female	Ulsan	22	nancy_02n@ajou.ac.kr	010-7799-3048	Silver	2022-07-21	2024-04-26
10748	Jason	Male	Daegu	20	jason_04j@ajou.ac.kr	010-4654-6607	Silver	2022-06-14	2024-04-02
10749	Melissa	Female	Ulsan	21	melissa_03m@ajou.ac.kr	010-7397-7066	Bronze	2022-11-21	2023-12-10
10750	Siu	Male	Busan	23	siu_01s@ajou.ac.kr	010-5870-5480	Iron	2022-06-15	2024-05-16
10751	Edward	Male	Busan	23	edward_01e@ajou.ac.kr	010-9691-8702	Gold	2023-04-29	2024-04-01
10752	Rebecca	Female	Ulsan	21	rebecca_03r@ajou.ac.kr	010-4833-3677	Silver	2022-11-26	2024-05-20
10753	James	Male	Incheon	22	james_02j@ajou.ac.kr	010-5257-4322	Iron	2022-12-05	2023-12-26
10754	Robert	Male	Daegu	21	robert_03r@ajou.ac.kr	010-5133-7936	Iron	2022-06-29	2024-03-02
10755	Robert	Male	Incheon	23	robert_01r@ajou.ac.kr	010-7193-7954	Silver	2023-03-27	2024-03-25
10756	Jiho	Male	Suwon	21	jiho_03j@ajou.ac.kr	010-6650-1646	Iron	2023-05-22	2024-02-05
10757	William	Male	Ulsan	21	william_03w@ajou.ac.kr	010-7928-5912	Iron	2023-03-14	2024-06-01
10758	Minjoon	Male	Daegu	23	minjoon_01m@ajou.ac.kr	010-3071-2458	Silver	2022-06-29	2024-02-04
10759	George	Male	Incheon	22	george_02g@ajou.ac.kr	010-4899-6055	Bronze	2023-02-13	2024-04-03
10760	Dohyun	Male	Daejeon	20	dohyun_04d@ajou.ac.kr	010-5210-6496	Silver	2023-01-12	2024-05-04
10761	Seohyun	Female	Daejeon	20	seohyun_04s@ajou.ac.kr	010-4639-3490	Gold	2022-07-31	2024-01-01
10762	Kenneth	Male	Gwangju	20	kenneth_04k@ajou.ac.kr	010-5735-7973	Iron	2022-08-09	2024-01-03
10763	Sharon	Female	Ulsan	23	sharon_01s@ajou.ac.kr	010-2430-5730	Iron	2023-05-06	2023-12-21
10764	Patricia	Female	Incheon	20	patricia_04p@ajou.ac.kr	010-1880-7067	Iron	2023-04-23	2024-03-16
10765	Jia	Female	Busan	22	jia_02j@ajou.ac.kr	010-6948-5543	Bronze	2022-06-19	2024-01-02
10766	Joowon	Male	Incheon	23	joowon_01j@ajou.ac.kr	010-5279-5439	Iron	2022-12-24	2024-05-11
10767	Yejoon	Male	Daejeon	23	yejoon_01y@ajou.ac.kr	010-0872-6813	Iron	2022-10-31	2023-12-24
10768	Jessica	Female	Incheon	23	jessica_01j@ajou.ac.kr	010-0219-3495	Iron	2022-06-28	2024-01-14
10769	Doyoon	Male	Incheon	22	doyoon_02d@ajou.ac.kr	010-2563-6001	Iron	2022-06-12	2023-12-08
10770	Rebecca	Female	Busan	23	rebecca_01r@ajou.ac.kr	010-8829-0060	Gold	2023-02-27	2024-05-08
10771	Paul	Male	Busan	23	paul_01p@ajou.ac.kr	010-4776-8193	Silver	2023-06-01	2024-03-25
10772	Kimberly	Female	Gwangju	20	kimberly_04k@ajou.ac.kr	010-1233-2756	Gold	2022-08-28	2024-03-15
10773	Jihoo	Male	Daegu	20	jihoo_04j@ajou.ac.kr	010-9156-9284	Iron	2022-06-27	2024-04-19
10774	Linda	Female	Ulsan	23	linda_01l@ajou.ac.kr	010-2509-0311	Iron	2022-07-09	2024-01-15
10775	Jessica	Female	Seoul	21	jessica_03j@ajou.ac.kr	010-5495-1607	Gold	2022-06-14	2024-03-25
10776	Andrew	Male	Incheon	20	andrew_04a@ajou.ac.kr	010-5450-1853	Gold	2023-04-14	2024-02-19
10777	Joonseo	Male	Suwon	23	joonseo_01j@ajou.ac.kr	010-2381-4209	Gold	2023-01-20	2024-03-16
10778	Sandra	Female	Incheon	23	sandra_01s@ajou.ac.kr	010-8343-8206	Gold	2022-08-02	2024-03-30
10779	Joonseo	Male	Ulsan	22	joonseo_02j@ajou.ac.kr	010-4487-7709	Gold	2022-11-08	2024-01-14
10780	Brian	Male	Seoul	22	brian_02b@ajou.ac.kr	010-2536-2168	Silver	2022-09-23	2024-03-05
10781	Kenneth	Male	Incheon	23	kenneth_01k@ajou.ac.kr	010-9609-4909	Gold	2023-03-17	2024-04-30
10782	Kimberly	Female	Suwon	20	kimberly_04k@ajou.ac.kr	010-2316-1663	Gold	2022-08-18	2024-02-20
10783	Kenneth	Male	Ulsan	20	kenneth_04k@ajou.ac.kr	010-4065-7616	Bronze	2022-10-31	2024-01-13
10784	Mark	Male	Incheon	23	mark_01m@ajou.ac.kr	010-9965-2053	Bronze	2023-06-02	2024-04-18
10785	Hajoon	Male	Ulsan	21	hajoon_03h@ajou.ac.kr	010-4247-0060	Iron	2022-06-24	2024-02-17
10786	Matthew	Male	Daejeon	20	matthew_04m@ajou.ac.kr	010-1208-2539	Silver	2023-04-17	2024-05-23
10787	Daniel	Male	Gwangju	23	daniel_01d@ajou.ac.kr	010-8461-0725	Bronze	2022-07-01	2023-12-11
10788	Joshua	Male	Seoul	22	joshua_02j@ajou.ac.kr	010-2211-8608	Silver	2023-05-14	2024-03-10
10789	Kevin	Male	Daegu	22	kevin_02k@ajou.ac.kr	010-5182-8709	Iron	2023-01-19	2024-03-18
10790	Anthony	Male	Daejeon	22	anthony_02a@ajou.ac.kr	010-1450-2518	Gold	2023-05-23	2024-02-19
10791	Timothy	Male	Ulsan	21	timothy_03t@ajou.ac.kr	010-6281-0765	Iron	2022-10-06	2024-02-03
10792	Jessica	Female	Ulsan	20	jessica_04j@ajou.ac.kr	010-8836-9615	Iron	2023-05-07	2024-01-06
10793	David	Male	Daegu	21	david_03d@ajou.ac.kr	010-5895-0969	Bronze	2022-11-19	2024-02-24
10794	Chaewon	Female	Daegu	23	chaewon_01c@ajou.ac.kr	010-5231-8756	Bronze	2022-10-27	2024-05-15
10795	Kevin	Male	Busan	22	kevin_02k@ajou.ac.kr	010-2576-6320	Iron	2022-11-27	2023-12-29
10796	Jiwoo	Female	Ulsan	21	jiwoo_03j@ajou.ac.kr	010-7595-5814	Iron	2022-07-23	2024-01-16
10797	Seoyoon	Female	Seoul	22	seoyoon_02s@ajou.ac.kr	010-0075-7509	Iron	2022-10-21	2024-02-01
10798	Steven	Male	Suwon	20	steven_04s@ajou.ac.kr	010-4813-8880	Gold	2022-08-13	2024-03-05
10799	Stephanie	Female	Incheon	22	stephanie_02s@ajou.ac.kr	010-0654-5183	Gold	2023-04-30	2023-12-14
10800	Ronald	Male	Busan	21	ronald_03r@ajou.ac.kr	010-3288-6174	Silver	2022-07-19	2024-04-04
10801	Steven	Male	Suwon	20	steven_04s@ajou.ac.kr	010-4625-2708	Bronze	2023-03-30	2024-01-05
10802	Kenneth	Male	Gwangju	23	kenneth_01k@ajou.ac.kr	010-3149-1730	Gold	2022-06-04	2024-04-08
10803	Karen	Female	Daejeon	20	karen_04k@ajou.ac.kr	010-1294-2723	Iron	2022-07-02	2024-02-12
10804	Patricia	Female	Busan	23	patricia_01p@ajou.ac.kr	010-0153-6112	Gold	2023-04-26	2024-03-16
10805	Michael	Male	Ulsan	21	michael_03m@ajou.ac.kr	010-5933-3076	Iron	2022-06-15	2024-03-28
10806	Laura	Female	Ulsan	22	laura_02l@ajou.ac.kr	010-3085-6379	Iron	2022-07-18	2024-01-06
10807	Joshua	Male	Busan	20	joshua_04j@ajou.ac.kr	010-6506-9290	Bronze	2023-02-24	2024-02-24
10808	Jimin	Female	Gwangju	23	jimin_01j@ajou.ac.kr	010-4661-8579	Iron	2022-09-01	2024-02-21
10809	Thomas	Male	Busan	20	thomas_04t@ajou.ac.kr	010-5732-9469	Iron	2022-09-22	2024-03-06
10810	Rebecca	Female	Daejeon	22	rebecca_02r@ajou.ac.kr	010-5851-6706	Silver	2023-01-11	2024-04-19
10811	Timothy	Male	Suwon	22	timothy_02t@ajou.ac.kr	010-7491-7635	Iron	2022-08-12	2024-04-05
10812	Jiho	Male	Suwon	23	jiho_01j@ajou.ac.kr	010-3319-1101	Iron	2022-09-29	2024-04-22
10813	Seohyun	Female	Daegu	20	seohyun_04s@ajou.ac.kr	010-2682-5195	Silver	2023-01-21	2023-12-19
10814	Christopher	Male	Incheon	20	christopher_04c@ajou.ac.kr	010-2530-8923	Iron	2022-10-04	2023-12-21
10815	Laura	Female	Ulsan	22	laura_02l@ajou.ac.kr	010-0320-5764	Gold	2022-09-22	2024-04-23
10816	Elizabeth	Female	Daegu	22	elizabeth_02e@ajou.ac.kr	010-8353-5864	Silver	2022-10-10	2024-03-26
10817	Joseph	Male	Seoul	21	joseph_03j@ajou.ac.kr	010-1208-6332	Iron	2022-07-06	2024-01-03
10818	Steven	Male	Incheon	23	steven_01s@ajou.ac.kr	010-8019-0555	Bronze	2023-04-22	2024-05-04
10819	Andrew	Male	Ulsan	21	andrew_03a@ajou.ac.kr	010-2605-0913	Iron	2022-09-11	2023-12-11
10820	Jia	Female	Busan	20	jia_04j@ajou.ac.kr	010-4039-7551	Bronze	2022-09-09	2023-12-23
10821	Seojoon	Male	Incheon	23	seojoon_01s@ajou.ac.kr	010-9476-9441	Gold	2022-09-25	2024-02-24
10822	Paul	Male	Daegu	21	paul_03p@ajou.ac.kr	010-3649-5785	Gold	2022-11-07	2024-04-21
10823	Nancy	Female	Gwangju	21	nancy_03n@ajou.ac.kr	010-8485-8632	Iron	2022-08-20	2024-05-17
10824	Matthew	Male	Gwangju	22	matthew_02m@ajou.ac.kr	010-3228-9658	Bronze	2022-08-06	2024-02-14
10825	Joseph	Male	Busan	23	joseph_01j@ajou.ac.kr	010-2658-3020	Bronze	2022-07-07	2024-01-07
10826	Minseo	Female	Ulsan	22	minseo_02m@ajou.ac.kr	010-2677-4087	Silver	2022-12-22	2024-04-25
10827	Patricia	Female	Seoul	21	patricia_03p@ajou.ac.kr	010-8181-2226	Iron	2022-10-21	2024-05-20
10828	Seoyeon	Female	Incheon	20	seoyeon_04s@ajou.ac.kr	010-9107-8720	Bronze	2022-07-29	2024-05-15
10829	Hayoon	Female	Gwangju	21	hayoon_03h@ajou.ac.kr	010-6454-0078	Iron	2022-12-29	2023-12-24
10830	Jihoo	Male	Ulsan	20	jihoo_04j@ajou.ac.kr	010-1483-6445	Gold	2023-03-12	2024-04-05
10831	Ryan	Male	Gwangju	23	ryan_01r@ajou.ac.kr	010-2253-9290	Bronze	2022-12-03	2024-02-19
10832	Donald	Male	Gwangju	20	donald_04d@ajou.ac.kr	010-8333-4701	Iron	2022-09-16	2024-04-26
10833	Sharon	Female	Busan	22	sharon_02s@ajou.ac.kr	010-8572-6732	Silver	2022-06-13	2024-02-11
10834	Jiho	Male	Gwangju	23	jiho_01j@ajou.ac.kr	010-2170-8412	Bronze	2022-12-27	2024-03-08
10835	Betty	Female	Seoul	23	betty_01b@ajou.ac.kr	010-0881-4098	Iron	2022-09-15	2024-05-04
10836	Haeun	Female	Seoul	21	haeun_03h@ajou.ac.kr	010-5794-3547	Gold	2023-03-24	2024-04-02
10837	Emily	Female	Busan	20	emily_04e@ajou.ac.kr	010-0343-0957	Silver	2023-04-11	2024-05-05
10838	Paul	Male	Suwon	22	paul_02p@ajou.ac.kr	010-8789-3280	Gold	2022-08-18	2024-05-13
10839	Seojoon	Male	Daegu	21	seojoon_03s@ajou.ac.kr	010-0236-7804	Iron	2022-12-25	2024-03-18
10840	Margaret	Female	Suwon	22	margaret_02m@ajou.ac.kr	010-5936-5137	Silver	2023-05-27	2024-02-07
10841	Barbara	Female	Gwangju	23	barbara_01b@ajou.ac.kr	010-6372-7275	Bronze	2023-01-20	2024-04-05
10842	George	Male	Daejeon	21	george_03g@ajou.ac.kr	010-8556-5695	Iron	2023-02-25	2024-05-01
10843	Melissa	Female	Daegu	22	melissa_02m@ajou.ac.kr	010-7850-6967	Iron	2022-11-16	2024-01-02
10844	Yejoon	Male	Seoul	21	yejoon_03y@ajou.ac.kr	010-5169-6720	Gold	2022-10-07	2024-01-05
10845	Siu	Male	Busan	23	siu_01s@ajou.ac.kr	010-2507-7675	Gold	2022-12-30	2024-05-25
10846	Kimberly	Female	Daegu	23	kimberly_01k@ajou.ac.kr	010-7017-3104	Gold	2023-01-27	2024-01-16
10847	Geonwoo	Male	Ulsan	21	geonwoo_03g@ajou.ac.kr	010-4596-2812	Bronze	2022-10-24	2024-05-31
10848	Jennifer	Female	Seoul	23	jennifer_01j@ajou.ac.kr	010-9906-4005	Gold	2023-04-16	2024-04-20
10849	Robert	Male	Suwon	23	robert_01r@ajou.ac.kr	010-1519-8304	Iron	2022-09-11	2024-04-29
10850	Jennifer	Female	Suwon	22	jennifer_02j@ajou.ac.kr	010-0731-5884	Iron	2022-07-21	2023-12-10
10851	Minjoon	Male	Ulsan	23	minjoon_01m@ajou.ac.kr	010-2628-2425	Gold	2022-09-29	2024-01-30
10852	William	Male	Seoul	20	william_04w@ajou.ac.kr	010-9690-1125	Bronze	2023-05-14	2024-03-20
10853	Joonwoo	Male	Seoul	20	joonwoo_04j@ajou.ac.kr	010-6650-6862	Gold	2022-11-22	2024-02-09
10854	Jennifer	Female	Incheon	20	jennifer_04j@ajou.ac.kr	010-3407-1153	Iron	2022-07-14	2023-12-27
10855	Jeffrey	Male	Busan	22	jeffrey_02j@ajou.ac.kr	010-5057-3314	Iron	2023-06-02	2024-02-03
10856	Daniel	Male	Incheon	23	daniel_01d@ajou.ac.kr	010-9627-7825	Iron	2022-06-28	2024-01-20
10857	Kevin	Male	Daejeon	23	kevin_01k@ajou.ac.kr	010-1110-8801	Bronze	2022-08-16	2024-03-19
10858	Doyoon	Male	Incheon	20	doyoon_04d@ajou.ac.kr	010-5903-5144	Gold	2022-06-22	2024-05-13
10859	Melissa	Female	Daegu	22	melissa_02m@ajou.ac.kr	010-4502-0297	Gold	2022-08-27	2024-02-06
10860	Ryan	Male	Incheon	20	ryan_04r@ajou.ac.kr	010-6980-8801	Gold	2022-06-25	2024-06-01
10861	Sandra	Female	Ulsan	23	sandra_01s@ajou.ac.kr	010-7415-3959	Iron	2022-12-27	2024-01-24
10862	Margaret	Female	Daegu	22	margaret_02m@ajou.ac.kr	010-5586-0587	Gold	2022-10-30	2024-04-22
10863	Nancy	Female	Busan	22	nancy_02n@ajou.ac.kr	010-6462-7210	Silver	2023-04-14	2024-04-09
10864	Haeun	Female	Daegu	23	haeun_01h@ajou.ac.kr	010-9248-2016	Bronze	2023-05-10	2024-01-27
10865	Margaret	Female	Gwangju	20	margaret_04m@ajou.ac.kr	010-3903-0270	Bronze	2023-02-03	2024-02-26
10866	Paul	Male	Daegu	21	paul_03p@ajou.ac.kr	010-4788-4300	Gold	2022-12-27	2024-06-01
10867	Hajoon	Male	Ulsan	23	hajoon_01h@ajou.ac.kr	010-4659-1155	Bronze	2022-12-08	2023-12-22
10868	Edward	Male	Daejeon	23	edward_01e@ajou.ac.kr	010-0818-1598	Iron	2023-01-27	2024-04-21
10869	Matthew	Male	Ulsan	23	matthew_01m@ajou.ac.kr	010-4939-5107	Gold	2022-12-28	2024-04-09
10870	Ryan	Male	Suwon	23	ryan_01r@ajou.ac.kr	010-8076-4108	Bronze	2023-01-28	2024-04-22
10871	Jason	Male	Seoul	23	jason_01j@ajou.ac.kr	010-9706-5097	Silver	2022-11-21	2024-05-07
10872	Sarah	Female	Daejeon	20	sarah_04s@ajou.ac.kr	010-1997-4479	Silver	2023-05-02	2024-04-21
10873	Joseph	Male	Daejeon	21	joseph_03j@ajou.ac.kr	010-2763-9759	Bronze	2023-02-24	2024-05-22
10874	James	Male	Daejeon	20	james_04j@ajou.ac.kr	010-8754-4031	Iron	2022-08-26	2024-03-16
10875	George	Male	Gwangju	20	george_04g@ajou.ac.kr	010-9842-8427	Silver	2022-11-07	2024-01-13
10876	William	Male	Daegu	20	william_04w@ajou.ac.kr	010-5227-5341	Gold	2022-09-28	2023-12-25
10877	Michael	Male	Busan	20	michael_04m@ajou.ac.kr	010-4254-4578	Gold	2023-05-10	2024-01-24
10878	Jimin	Female	Daegu	20	jimin_04j@ajou.ac.kr	010-9749-2568	Gold	2022-09-28	2024-05-02
10879	Doyoon	Male	Busan	20	doyoon_04d@ajou.ac.kr	010-4675-8768	Silver	2022-11-22	2023-12-23
10880	Doyoon	Male	Ulsan	20	doyoon_04d@ajou.ac.kr	010-8371-6551	Gold	2023-02-01	2024-01-06
10881	Rebecca	Female	Gwangju	23	rebecca_01r@ajou.ac.kr	010-1832-7407	Bronze	2022-10-16	2024-01-30
10882	Jeffrey	Male	Busan	23	jeffrey_01j@ajou.ac.kr	010-6894-8685	Bronze	2022-11-17	2024-01-05
10883	Deborah	Female	Daejeon	22	deborah_02d@ajou.ac.kr	010-8457-6693	Gold	2022-06-06	2024-05-27
10884	Jason	Male	Seoul	20	jason_04j@ajou.ac.kr	010-7350-9061	Bronze	2022-11-14	2024-01-01
10885	James	Male	Daejeon	20	james_04j@ajou.ac.kr	010-2812-7890	Silver	2023-04-09	2024-01-03
10886	Betty	Female	Daegu	22	betty_02b@ajou.ac.kr	010-4080-0217	Silver	2022-11-03	2024-05-08
10887	Robert	Male	Busan	23	robert_01r@ajou.ac.kr	010-8661-8164	Gold	2023-03-26	2024-02-19
10888	Carol	Female	Daejeon	23	carol_01c@ajou.ac.kr	010-9699-0409	Gold	2023-05-20	2024-02-08
10889	Patricia	Female	Ulsan	23	patricia_01p@ajou.ac.kr	010-6203-2921	Silver	2022-07-31	2024-03-22
10890	Jiyoo	Female	Busan	21	jiyoo_03j@ajou.ac.kr	010-9748-9406	Iron	2023-03-10	2024-04-01
10891	James	Male	Suwon	20	james_04j@ajou.ac.kr	010-5549-8996	Gold	2023-05-02	2024-02-13
10892	Chaewon	Female	Gwangju	20	chaewon_04c@ajou.ac.kr	010-0846-8156	Gold	2022-11-04	2024-01-01
10893	Susan	Female	Suwon	20	susan_04s@ajou.ac.kr	010-4700-0977	Iron	2023-04-07	2024-04-06
10894	Jimin	Female	Seoul	22	jimin_02j@ajou.ac.kr	010-9024-4169	Bronze	2023-03-22	2023-12-09
10895	Dohyun	Male	Daegu	20	dohyun_04d@ajou.ac.kr	010-8223-7669	Bronze	2023-02-04	2024-02-09
10896	Elizabeth	Female	Ulsan	23	elizabeth_01e@ajou.ac.kr	010-0406-4418	Gold	2022-10-21	2024-01-06
10897	Linda	Female	Daegu	20	linda_04l@ajou.ac.kr	010-4654-2739	Iron	2023-03-27	2023-12-09
10898	Joshua	Male	Suwon	22	joshua_02j@ajou.ac.kr	010-7533-9400	Bronze	2022-10-06	2024-03-31
10899	Dorothy	Female	Suwon	20	dorothy_04d@ajou.ac.kr	010-3517-1143	Iron	2022-07-11	2024-05-18
10900	William	Male	Busan	22	william_02w@ajou.ac.kr	010-5691-2904	Bronze	2022-10-17	2024-02-09
10901	Joonwoo	Male	Daejeon	20	joonwoo_04j@ajou.ac.kr	010-9370-2291	Bronze	2022-07-22	2024-05-18
10902	Siu	Male	Ulsan	20	siu_04s@ajou.ac.kr	010-3663-0169	Iron	2022-10-30	2024-03-13
10903	Sharon	Female	Seoul	22	sharon_02s@ajou.ac.kr	010-5244-9897	Bronze	2022-06-15	2024-01-06
10904	Elizabeth	Female	Busan	21	elizabeth_03e@ajou.ac.kr	010-1581-6008	Gold	2022-10-03	2024-03-29
10905	Kevin	Male	Daejeon	23	kevin_01k@ajou.ac.kr	010-1942-5178	Silver	2022-06-04	2023-12-06
10906	Anthony	Male	Incheon	23	anthony_01a@ajou.ac.kr	010-0514-2564	Silver	2022-09-09	2024-01-03
10907	Patricia	Female	Daegu	23	patricia_01p@ajou.ac.kr	010-3016-9778	Gold	2022-10-12	2024-03-21
10908	Amanda	Female	Gwangju	20	amanda_04a@ajou.ac.kr	010-2807-2306	Silver	2023-05-12	2024-02-27
10909	Karen	Female	Daegu	21	karen_03k@ajou.ac.kr	010-3720-5472	Bronze	2022-12-25	2024-05-22
10910	Sarah	Female	Daegu	21	sarah_03s@ajou.ac.kr	010-9996-7014	Gold	2022-12-04	2024-05-28
10911	Rebecca	Female	Busan	22	rebecca_02r@ajou.ac.kr	010-5138-7253	Gold	2022-10-10	2024-04-20
10912	Haeun	Female	Seoul	23	haeun_01h@ajou.ac.kr	010-6077-2545	Gold	2023-01-05	2024-05-03
10913	Kevin	Male	Gwangju	21	kevin_03k@ajou.ac.kr	010-2879-6797	Gold	2023-02-07	2024-05-20
10914	Doyoon	Male	Suwon	22	doyoon_02d@ajou.ac.kr	010-0448-0066	Silver	2022-08-23	2023-12-30
10915	Matthew	Male	Seoul	20	matthew_04m@ajou.ac.kr	010-1348-0285	Silver	2022-07-02	2024-04-24
10916	William	Male	Ulsan	21	william_03w@ajou.ac.kr	010-8682-9213	Bronze	2023-04-25	2024-02-13
10917	Jimin	Female	Suwon	22	jimin_02j@ajou.ac.kr	010-3576-5614	Iron	2023-03-11	2024-03-29
10918	Amanda	Female	Daejeon	22	amanda_02a@ajou.ac.kr	010-6546-0080	Silver	2022-12-14	2024-03-18
10919	Daniel	Male	Seoul	23	daniel_01d@ajou.ac.kr	010-9310-7263	Bronze	2022-10-13	2024-05-20
10920	Paul	Male	Daegu	20	paul_04p@ajou.ac.kr	010-0226-4735	Bronze	2022-08-10	2024-04-21
10921	Joonseo	Male	Suwon	22	joonseo_02j@ajou.ac.kr	010-4539-1741	Bronze	2022-07-06	2024-05-14
10922	Melissa	Female	Incheon	20	melissa_04m@ajou.ac.kr	010-8566-4855	Bronze	2022-07-25	2024-03-17
10923	Joseph	Male	Busan	23	joseph_01j@ajou.ac.kr	010-4132-3452	Iron	2023-04-11	2024-05-13
10924	David	Male	Seoul	22	david_02d@ajou.ac.kr	010-6507-2240	Iron	2023-02-18	2024-02-17
10925	Hajoon	Male	Daegu	23	hajoon_01h@ajou.ac.kr	010-3183-5986	Gold	2023-04-07	2024-04-13
10926	Hajoon	Male	Seoul	21	hajoon_03h@ajou.ac.kr	010-9050-0818	Gold	2022-08-11	2024-04-29
10927	Sarah	Female	Gwangju	23	sarah_01s@ajou.ac.kr	010-4969-8075	Bronze	2022-06-07	2024-04-26
10928	Thomas	Male	Incheon	20	thomas_04t@ajou.ac.kr	010-6330-3650	Gold	2023-05-29	2024-04-01
10929	Daniel	Male	Seoul	20	daniel_04d@ajou.ac.kr	010-9642-5155	Iron	2022-12-11	2024-02-11
10930	Sandra	Female	Daegu	20	sandra_04s@ajou.ac.kr	010-9214-3136	Bronze	2022-10-15	2024-05-11
10931	Joonseo	Male	Incheon	21	joonseo_03j@ajou.ac.kr	010-9896-0620	Iron	2022-11-20	2023-12-13
10932	Carol	Female	Gwangju	20	carol_04c@ajou.ac.kr	010-8763-4573	Bronze	2023-04-23	2024-01-31
10933	Seojoon	Male	Gwangju	20	seojoon_04s@ajou.ac.kr	010-7840-3365	Bronze	2022-08-12	2024-05-24
10934	Jiho	Male	Suwon	23	jiho_01j@ajou.ac.kr	010-5792-9540	Silver	2023-01-01	2024-03-04
10935	Chaewon	Female	Incheon	21	chaewon_03c@ajou.ac.kr	010-2040-4481	Gold	2022-11-01	2024-01-03
10936	Daniel	Male	Gwangju	23	daniel_01d@ajou.ac.kr	010-3877-6378	Gold	2022-10-20	2024-04-22
10937	Mark	Male	Daejeon	20	mark_04m@ajou.ac.kr	010-9877-6124	Silver	2023-01-03	2024-05-07
10938	Donald	Male	Busan	21	donald_03d@ajou.ac.kr	010-3747-1107	Gold	2023-03-12	2024-02-13
10939	Yoonseo	Female	Seoul	21	yoonseo_03y@ajou.ac.kr	010-0287-8920	Gold	2023-04-30	2024-03-28
10940	Amanda	Female	Gwangju	21	amanda_03a@ajou.ac.kr	010-6577-5204	Iron	2022-09-20	2024-02-25
10941	Elizabeth	Female	Gwangju	20	elizabeth_04e@ajou.ac.kr	010-0361-6182	Bronze	2023-05-26	2024-03-20
10942	Hajoon	Male	Daejeon	21	hajoon_03h@ajou.ac.kr	010-9414-2338	Silver	2022-10-28	2024-02-04
10943	Richard	Male	Incheon	20	richard_04r@ajou.ac.kr	010-1306-2444	Bronze	2022-11-30	2024-01-10
10944	Joshua	Male	Incheon	23	joshua_01j@ajou.ac.kr	010-3561-5851	Bronze	2022-08-13	2024-05-30
10945	Melissa	Female	Daegu	20	melissa_04m@ajou.ac.kr	010-7376-9667	Iron	2022-07-22	2024-04-01
10946	Seoyoon	Female	Incheon	21	seoyoon_03s@ajou.ac.kr	010-7048-9989	Bronze	2023-03-31	2024-05-18
10947	Anthony	Male	Seoul	22	anthony_02a@ajou.ac.kr	010-9767-6851	Silver	2023-03-12	2024-03-06
10948	Sandra	Female	Busan	22	sandra_02s@ajou.ac.kr	010-6710-6051	Silver	2022-08-01	2024-02-21
10949	Jiho	Male	Busan	23	jiho_01j@ajou.ac.kr	010-5743-1820	Bronze	2023-02-05	2024-05-21
10950	Robert	Male	Suwon	21	robert_03r@ajou.ac.kr	010-4900-3863	Silver	2023-05-21	2024-03-10
10951	Michelle	Female	Busan	20	michelle_04m@ajou.ac.kr	010-3984-5432	Bronze	2022-12-05	2024-01-27
10952	Minseo	Female	Daejeon	22	minseo_02m@ajou.ac.kr	010-5160-2251	Iron	2023-03-14	2024-01-31
10953	Brian	Male	Daegu	23	brian_01b@ajou.ac.kr	010-7169-8159	Bronze	2022-07-09	2023-12-07
10954	Jennifer	Female	Daejeon	23	jennifer_01j@ajou.ac.kr	010-7026-4332	Silver	2022-06-08	2024-01-08
10955	Jiyoo	Female	Ulsan	23	jiyoo_01j@ajou.ac.kr	010-1950-8329	Bronze	2022-07-30	2024-05-12
10956	Barbara	Female	Suwon	21	barbara_03b@ajou.ac.kr	010-7183-6330	Silver	2022-07-30	2024-02-03
10957	Hayoon	Female	Busan	21	hayoon_03h@ajou.ac.kr	010-4820-6928	Gold	2023-03-25	2024-05-15
10958	Seoyeon	Female	Incheon	20	seoyeon_04s@ajou.ac.kr	010-5196-3428	Bronze	2022-07-20	2024-02-22
10959	Kimberly	Female	Incheon	23	kimberly_01k@ajou.ac.kr	010-5990-1993	Silver	2022-12-08	2024-04-05
10960	Minseo	Female	Busan	22	minseo_02m@ajou.ac.kr	010-5241-4541	Bronze	2023-05-20	2024-01-23
10961	Elizabeth	Female	Incheon	20	elizabeth_04e@ajou.ac.kr	010-3712-1076	Silver	2022-08-29	2024-01-09
10962	Michael	Male	Ulsan	21	michael_03m@ajou.ac.kr	010-9245-0165	Silver	2023-02-06	2024-03-08
10963	Haeun	Female	Ulsan	22	haeun_02h@ajou.ac.kr	010-7006-5239	Iron	2022-09-06	2024-03-01
10964	Nancy	Female	Suwon	23	nancy_01n@ajou.ac.kr	010-1834-0392	Silver	2022-12-03	2024-03-11
10965	Minseo	Female	Seoul	20	minseo_04m@ajou.ac.kr	010-5813-1320	Bronze	2022-08-07	2024-05-04
10966	Thomas	Male	Gwangju	21	thomas_03t@ajou.ac.kr	010-8812-1170	Iron	2023-02-17	2024-02-17
10967	Edward	Male	Gwangju	22	edward_02e@ajou.ac.kr	010-0765-5472	Bronze	2023-05-24	2023-12-09
10968	George	Male	Ulsan	23	george_01g@ajou.ac.kr	010-4620-5713	Iron	2023-05-19	2024-04-29
10969	Siu	Male	Daejeon	22	siu_02s@ajou.ac.kr	010-9005-4608	Iron	2022-10-27	2024-05-06
10970	Joshua	Male	Ulsan	22	joshua_02j@ajou.ac.kr	010-8872-1129	Silver	2022-12-21	2024-04-21
10971	Joonseo	Male	Daegu	20	joonseo_04j@ajou.ac.kr	010-8394-0204	Iron	2023-04-09	2024-03-05
10972	George	Male	Daegu	23	george_01g@ajou.ac.kr	010-9646-9116	Bronze	2023-04-13	2024-01-12
10973	Yoonseo	Female	Gwangju	22	yoonseo_02y@ajou.ac.kr	010-0654-1870	Gold	2022-12-01	2024-05-04
10974	Kimberly	Female	Seoul	22	kimberly_02k@ajou.ac.kr	010-2963-7997	Bronze	2023-05-23	2024-02-19
10975	Sandra	Female	Incheon	22	sandra_02s@ajou.ac.kr	010-8992-2051	Silver	2023-05-26	2024-05-21
10976	Margaret	Female	Ulsan	23	margaret_01m@ajou.ac.kr	010-8315-6345	Bronze	2022-07-24	2024-03-28
10977	John	Male	Daejeon	21	john_03j@ajou.ac.kr	010-3582-6567	Iron	2023-05-14	2024-05-06
10978	Robert	Male	Daegu	21	robert_03r@ajou.ac.kr	010-9937-5352	Iron	2023-02-03	2024-01-27
10979	Margaret	Female	Incheon	20	margaret_04m@ajou.ac.kr	010-3446-9582	Gold	2023-06-01	2024-04-20
10980	Ashley	Female	Daejeon	21	ashley_03a@ajou.ac.kr	010-3191-6888	Iron	2022-09-28	2024-05-19
10981	Jia	Female	Ulsan	22	jia_02j@ajou.ac.kr	010-3096-9133	Silver	2023-03-31	2024-06-01
10982	Jiyoo	Female	Daejeon	21	jiyoo_03j@ajou.ac.kr	010-3136-3681	Silver	2022-06-08	2024-02-06
10983	Thomas	Male	Seoul	20	thomas_04t@ajou.ac.kr	010-8759-5704	Bronze	2023-03-02	2024-05-18
10984	Joowon	Male	Gwangju	21	joowon_03j@ajou.ac.kr	010-2621-6836	Iron	2022-06-12	2024-01-16
10985	Thomas	Male	Daegu	20	thomas_04t@ajou.ac.kr	010-7287-0710	Silver	2023-02-02	2024-04-21
10986	Jennifer	Female	Daejeon	22	jennifer_02j@ajou.ac.kr	010-9855-2816	Silver	2023-02-27	2024-04-02
10987	Jeffrey	Male	Daegu	23	jeffrey_01j@ajou.ac.kr	010-8879-2438	Gold	2022-10-19	2024-02-04
10988	Jason	Male	Daejeon	21	jason_03j@ajou.ac.kr	010-7936-0893	Silver	2022-10-14	2024-04-09
10989	Timothy	Male	Incheon	20	timothy_04t@ajou.ac.kr	010-7541-2830	Gold	2022-11-29	2024-01-30
10990	Donna	Female	Suwon	23	donna_01d@ajou.ac.kr	010-2692-8585	Gold	2023-01-28	2024-05-18
10991	Kenneth	Male	Suwon	23	kenneth_01k@ajou.ac.kr	010-6144-7357	Gold	2023-01-11	2024-05-08
10992	Melissa	Female	Daejeon	23	melissa_01m@ajou.ac.kr	010-6718-3528	Bronze	2022-09-14	2024-03-30
10993	Jason	Male	Daejeon	20	jason_04j@ajou.ac.kr	010-7658-5134	Gold	2022-09-30	2023-12-11
10994	Jeffrey	Male	Gwangju	22	jeffrey_02j@ajou.ac.kr	010-7180-9504	Bronze	2022-11-11	2024-01-07
10995	Carol	Female	Ulsan	22	carol_02c@ajou.ac.kr	010-3772-5862	Bronze	2022-09-30	2024-01-02
10996	Jimin	Female	Ulsan	20	jimin_04j@ajou.ac.kr	010-1207-3224	Iron	2022-10-03	2024-05-26
10997	Dorothy	Female	Ulsan	21	dorothy_03d@ajou.ac.kr	010-3393-1488	Bronze	2022-10-03	2024-03-15
10998	Deborah	Female	Suwon	22	deborah_02d@ajou.ac.kr	010-9811-7517	Gold	2023-05-18	2024-05-19
10999	Kimberly	Female	Seoul	20	kimberly_04k@ajou.ac.kr	010-6469-7395	Gold	2023-04-20	2024-02-06
